lrs	losses
1.1066238203571999e-10	2.353937864303589
1.1178924452792671e-10	2.3539378643035884
1.129275770117566e-10	2.353937864303588
1.1407750438729991e-10	2.353937864303588
1.1523913767685912e-10	2.3539378643035893
1.1641260178052448e-10	2.3539378643035884
1.1759801465949238e-10	2.3539378643035884
1.1879550121385307e-10	2.353937864303588
1.2000518634369683e-10	2.353937864303588
1.2122718107132613e-10	2.3539378643035884
1.2246162417461903e-10	2.353937864303588
1.2370864055366582e-10	2.353937864303588
1.2496835510855675e-10	2.353937864303589
1.262408927393821e-10	2.353937864303589
1.2752639222401996e-10	2.3539378643035884
1.2882497846256058e-10	2.3539378643035884
1.3013679023288205e-10	2.353937864303588
1.3146195243507464e-10	2.3539378643035884
1.3280061772480423e-10	2.3539378643035884
1.341529110021611e-10	2.3539378643035884
1.355189710450233e-10	2.3539378643035884
1.3689893663126895e-10	2.3539378643035884
1.3829296041656391e-10	2.3539378643035884
1.3970118117878627e-10	2.3539378643035884
1.411237376958141e-10	2.353937864303589
1.4256078262331329e-10	2.353937864303588
1.440124547391619e-10	2.3539378643035884
1.4547892057681366e-10	2.353937864303588
1.4696031891414663e-10	2.353937864303589
1.4845680240682668e-10	2.3539378643035884
1.4996852371051972e-10	2.3539378643035884
1.5149563548089162e-10	2.3539378643035884
1.5303829037360828e-10	2.3539378643035884
1.5459665492212338e-10	2.3539378643035884
1.5617089565989062e-10	2.3539378643035884
1.5776116524257588e-10	2.353937864303588
1.5936763020363287e-10	2.353937864303588
1.6099045707651527e-10	2.3539378643035884
1.6262979851688897e-10	2.3539378643035884
1.6428583493599547e-10	2.353937864303589
1.6595873286728846e-10	2.3539378643035884
1.6764867272200945e-10	2.353937864303589
1.6935582103361213e-10	2.3539378643035884
1.710803443355502e-10	2.3539378643035884
1.7282243691685295e-10	2.3539378643035884
1.745822653109741e-10	2.353937864303588
1.7636000992915513e-10	2.3539378643035884
1.7815586506042536e-10	2.3539378643035884
1.7996999723823848e-10	2.3539378643035884
1.818026146294116e-10	2.3539378643035884
1.8365388376739844e-10	2.3539378643035884
1.855240128190161e-10	2.3539378643035884
1.8741318219550607e-10	2.353937864303588
1.8932158618589767e-10	2.3539378643035884
1.9124941907922022e-10	2.3539378643035884
1.9319688904229082e-10	2.3539378643035884
1.951641903641388e-10	2.353937864303588
1.9715151733379344e-10	2.353937864303588
1.9915909199585968e-10	2.353937864303588
2.0118710863936684e-10	2.353937864303588
2.0323577543113203e-10	2.353937864303588
2.0530530053797236e-10	2.353937864303588
2.0739589212670495e-10	2.353937864303588
2.0950777224193473e-10	2.3539378643035875
2.1164116292826662e-10	2.353937864303588
2.1379627235251775e-10	2.3539378643035875
2.1597333643708083e-10	2.353937864303588
2.18172563348773e-10	2.3539378643035875
2.2039418900998697e-10	2.3539378643035875
2.226384354653277e-10	2.353937864303588
2.2490553863718787e-10	2.3539378643035875
2.2719572057017245e-10	2.353937864303588
2.2950923106446197e-10	2.3539378643035875
2.3184629216466135e-10	2.3539378643035875
2.3420715367095113e-10	2.3539378643035875
2.3659205150572404e-10	2.353937864303588
2.3900123546916063e-10	2.3539378643035875
2.4143495536144144e-10	2.3539378643035875
2.43893460982747e-10	2.353937864303588
2.4637700213325786e-10	2.353937864303588
2.4888582861315456e-10	2.353937864303588
2.5142019022261763e-10	2.353937864303588
2.5398036451740325e-10	2.353937864303588
2.5656660129769193e-10	2.353937864303588
2.5917917811923985e-10	2.3539378643035884
2.6181837253780316e-10	2.3539378643035884
2.644844343535624e-10	2.3539378643035884
2.671776411222737e-10	2.3539378643035884
2.698982703996933e-10	2.353937864303589
2.7264659974157723e-10	2.353937864303589
2.7542293445925736e-10	2.3539378643035893
2.782275243529142e-10	2.3539378643035893
2.810606747338795e-10	2.3539378643035898
2.839226909134851e-10	2.35393786430359
2.868138504474871e-10	2.35393786430359
2.8973443089164164e-10	2.353937864303591
2.9268476531285614e-10	2.353937864303591
2.9566513126688676e-10	2.3539378643035915
2.986758618206409e-10	2.353937864303592
3.0171723452987464e-10	2.353937864303592
3.0478958246149546e-10	2.3539378643035924
3.078932109268351e-10	2.353937864303593
3.110284529928009e-10	2.353937864303593
3.141956139707247e-10	2.353937864303593
3.1739502692751387e-10	2.3539378643035933
3.206270249300758e-10	2.353937864303593
3.238919410453178e-10	2.3539378643035933
3.2719008058457177e-10	2.3539378643035938
3.3052180437032064e-10	2.3539378643035938
3.338874732250474e-10	2.353937864303594
3.372873924600839e-10	2.353937864303594
3.4072195065348865e-10	2.353937864303594
3.441914808721691e-10	2.353937864303594
3.4769634393860827e-10	2.353937864303594
3.512369006752891e-10	2.3539378643035946
3.548135119046947e-10	2.3539378643035946
3.5842653844930794e-10	2.3539378643035946
3.620763411316119e-10	2.353937864303595
3.657633085296652e-10	2.353937864303595
3.6948782922152645e-10	2.353937864303595
3.7325026402967865e-10	2.353937864303595
3.77051029287756e-10	2.353937864303595
3.808904858182416e-10	2.353937864303595
3.8476904995476957e-10	2.353937864303595
3.886871102753986e-10	2.353937864303595
3.926450553581873e-10	2.3539378643035955
3.9664330153676985e-10	2.353937864303595
4.0068226514478056e-10	2.353937864303595
4.047623625158536e-10	2.353937864303595
4.088840099836233e-10	2.353937864303595
4.130476238817238e-10	2.3539378643035955
4.1725362054378934e-10	2.3539378643035955
4.2150247181460543e-10	2.3539378643035955
4.2579456627223067e-10	2.353937864303595
4.301303757614505e-10	2.353937864303595
4.3451034437147484e-10	2.3539378643035955
4.389349161915135e-10	2.3539378643035955
4.434045353107763e-10	2.3539378643035955
4.479196735740487e-10	2.353937864303596
4.5248077507054063e-10	2.353937864303596
4.570883394006131e-10	2.3539378643035955
4.61742810653476e-10	2.353937864303596
4.664446606739148e-10	2.3539378643035964
4.711944168178661e-10	2.3539378643035964
4.759925231745399e-10	2.3539378643035964
4.808394793442972e-10	2.3539378643035964
4.85735784927499e-10	2.3539378643035964
4.906819950356578e-10	2.3539378643035964
4.956785537579833e-10	2.3539378643035964
5.007259606948367e-10	2.353937864303597
5.058247709577302e-10	2.3539378643035964
5.109755396581761e-10	2.353937864303597
5.161787108853844e-10	2.353937864303597
5.214348952620185e-10	2.353937864303597
5.267445923884395e-10	2.3539378643035973
5.321083573761598e-10	2.3539378643035973
5.375267453366916e-10	2.3539378643035973
5.430003113815474e-10	2.3539378643035973
5.485296106222393e-10	2.3539378643035973
5.541151981702797e-10	2.3539378643035973
5.597576846483321e-10	2.353937864303597
5.654576251679089e-10	2.353937864303597
5.712156303516736e-10	2.353937864303597
5.770322553111384e-10	2.3539378643035973
5.829081106689671e-10	2.3539378643035977
5.88843807047823e-10	2.3539378643035973
5.948398995592186e-10	2.3539378643035973
6.008970543369685e-10	2.3539378643035973
6.070159375148876e-10	2.3539378643035973
6.131971042044881e-10	2.3539378643035973
6.194412205395849e-10	2.3539378643035973
6.257488971428415e-10	2.3539378643035977
6.321208001480727e-10	2.3539378643035977
6.385575956890932e-10	2.3539378643035973
6.450599498997178e-10	2.3539378643035973
6.516285289137613e-10	2.3539378643035973
6.582639988650385e-10	2.3539378643035973
6.649670258873641e-10	2.3539378643035977
6.717382761145529e-10	2.3539378643035977
6.785785267027222e-10	2.3539378643035973
6.854883882745355e-10	2.3539378643035977
6.9246863798611e-10	2.353937864303598
6.995199419712606e-10	2.353937864303598
7.066430773861043e-10	2.353937864303598
7.138387103644561e-10	2.353937864303598
7.211076180624332e-10	2.353937864303598
7.284505776361527e-10	2.3539378643035986
7.358683107305808e-10	2.3539378643035986
7.433615389906834e-10	2.3539378643035986
7.509310950837289e-10	2.3539378643035986
7.585777561658347e-10	2.3539378643035986
7.663022438819667e-10	2.353937864303599
7.741053908993933e-10	2.353937864303599
7.819880298853832e-10	2.353937864303599
7.899509379960534e-10	2.3539378643035995
7.979948923875213e-10	2.3539378643035995
8.061207812382065e-10	2.3539378643035995
8.143293817042263e-10	2.3539378643035995
8.226215819640004e-10	2.353937864303599
8.309982146847972e-10	2.3539378643035995
8.394601680450364e-10	2.353937864303599
8.480082747119866e-10	2.353937864303599
8.566434228640674e-10	2.353937864303599
8.653665006796984e-10	2.353937864303599
8.741783963372995e-10	2.3539378643035995
8.830800535264416e-10	2.3539378643035995
8.920723604255443e-10	2.3539378643035995
9.011562052130273e-10	2.353937864303599
9.103325870896128e-10	2.353937864303599
9.196023942337206e-10	2.353937864303599
9.289665703349215e-10	2.3539378643035995
9.384261145939377e-10	2.3539378643035995
9.479820262114913e-10	2.3539378643035995
9.576351933660021e-10	2.3539378643035995
9.673866152581923e-10	2.3539378643035995
9.772374021110863e-10	2.3539378643035995
9.87188442103104e-10	2.3539378643035995
9.9724084545727e-10	2.3539378643035995
1.0073956113743066e-09	2.353937864303599
1.0176537390549356e-09	2.353937864303599
1.028016338722182e-09	2.353937864303599
1.03848452059907e-09	2.353937864303599
1.0490592838863222e-09	2.353937864303599
1.059741738806963e-09	2.353937864303599
1.070532995584017e-09	2.3539378643035995
1.0814340534182065e-09	2.3539378643035995
1.0924461335548585e-09	2.353937864303599
1.1035703462169977e-09	2.353937864303599
1.114807912649951e-09	2.353937864303599
1.1261598320544408e-09	2.353937864303599
1.137627325675794e-09	2.353937864303599
1.1492116147593379e-09	2.353937864303599
1.1609139205503993e-09	2.3539378643035986
1.172735353272003e-09	2.353937864303599
1.1846771341694762e-09	2.3539378643035986
1.1967405955104482e-09	2.3539378643035986
1.2089268475179438e-09	2.3539378643035986
1.2212372224595924e-09	2.3539378643035986
1.2336729415807213e-09	2.3539378643035986
1.2462352261266574e-09	2.353937864303599
1.2589255193873328e-09	2.353937864303599
1.2717450426080745e-09	2.353937864303599
1.2846950170342097e-09	2.353937864303599
1.2977768859556704e-09	2.353937864303599
1.3109919816400861e-09	2.353937864303599
1.3243416363550864e-09	2.3539378643035995
1.3378271823683008e-09	2.3539378643035995
1.3514500629696613e-09	2.3539378643035995
1.3652117214491e-09	2.353937864303599
1.3791134900742463e-09	2.3539378643035995
1.3931568121350324e-09	2.3539378643035995
1.4073431309213902e-09	2.3539378643035995
1.4216738897232517e-09	2.3539378643035995
1.4361506428528514e-09	2.353937864303599
1.4507748336001214e-09	2.3539378643035995
1.4655479052549936e-09	2.3539378643035995
1.4804714121297025e-09	2.3539378643035995
1.4955469085364825e-09	2.3539378643035995
1.5107758377652658e-09	2.3539378643035995
1.5261598651505892e-09	2.353937864303599
1.5417005450046872e-09	2.353937864303599
1.5573994316397943e-09	2.353937864303599
1.5732581903904475e-09	2.353937864303599
1.5892784865911835e-09	2.353937864303599
1.605461874554237e-09	2.3539378643035995
1.6218101306364474e-09	2.353937864303599
1.638324809150049e-09	2.3539378643035995
1.6550076864518815e-09	2.353937864303599
1.6718604278764815e-09	2.353937864303599
1.6888848097806886e-09	2.3539378643035995
1.7060824974990396e-09	2.3539378643035995
1.723455267388374e-09	2.3539378595191733
1.7410050068278338e-09	2.353937859615178
1.7587333811519557e-09	2.3539378597092493
1.776642388762184e-09	2.3539378598014276
1.794733694993056e-09	2.353937859891751
1.813009187223713e-09	2.353937859980256
1.8314708638555999e-09	2.3539378600669805
1.8501205012455557e-09	2.3539378601519605
1.868960097795025e-09	2.353937860235231
1.8879915408831494e-09	2.3539378603168264
1.9072166068667684e-09	2.353937860396781
1.9266375161919314e-09	2.353937860475128
1.9462562672600825e-09	2.3539378605518997
1.9660746364280612e-09	2.353937860627128
1.986094844141917e-09	2.353937860700844
2.0063188888030936e-09	2.3539378607730783
2.026748990857641e-09	2.35393786084386
2.0473871487070028e-09	2.35393786091322
2.068235360752624e-09	2.3539378609811856
2.089295847440553e-09	2.353937861047786
2.11057082921684e-09	2.353937861113049
2.132062526527534e-09	2.353937861177
2.153772937774079e-09	2.353937861239667
2.175704505447129e-09	2.353937861301075
2.197859449992734e-09	2.3539378613612496
2.2202399918569427e-09	2.353937856642169
2.2428483514858044e-09	2.3539378567957026
2.2656869713699734e-09	2.353937856946153
2.288758071955499e-09	2.353937857093583
2.312064095733035e-09	2.353937857238053
2.3356074851932362e-09	2.353937857379623
2.3593906828267563e-09	2.353937857518351
2.3834161311242497e-09	2.3539378576542953
2.4076860505317654e-09	2.353937857787511
2.4322031055845628e-09	2.3539378579180528
2.4569699608179008e-09	2.3539378580459758
2.4819890587224336e-09	2.3539378581713315
2.5072628417888154e-09	2.353937858294172
2.5327939745523054e-09	2.353937858414548
2.5585851215481625e-09	2.3539378585325093
2.584638947311646e-09	2.353937858648104
2.61095789433341e-09	2.3539378587613795
2.6375448491933184e-09	2.3539378588723836
2.6644026984712355e-09	2.353937858981161
2.691533884657815e-09	2.353937854312798
2.7189415163775266e-09	2.3539378545128846
2.746628036121024e-09	2.353937854708959
2.774596552512776e-09	2.3539378549011007
2.8028499521326466e-09	2.3539378550893906
2.8313908995158954e-09	2.3539378552739048
2.860222503286991e-09	2.3539378554547197
2.8893478720704024e-09	2.3539378556319095
2.918769670401389e-09	2.353937855805547
2.948491228949024e-09	2.3539378559757043
2.978515434293172e-09	2.3539378561424495
3.0088451730136967e-09	2.3539378515322085
3.0394837757796722e-09	2.353937851787913
3.0704343512155674e-09	2.353937852038493
3.101700229990456e-09	2.35393785228405
3.1332845207288074e-09	2.3539378525246857
3.16519033205509e-09	2.3539378575336367
3.197420994638378e-09	2.353937857669169
3.2299798391477452e-09	2.353937853029036
3.2628701962522655e-09	2.3539378484818823
3.2960956186656176e-09	2.3539378440258414
3.3296594370568755e-09	2.3539378396590838
3.363564982095113e-09	2.353937835379817
3.397815806494009e-09	2.353937831186286
3.432415240922637e-09	2.3539378318491955
3.4673670601392814e-09	2.35393782772648
3.5026748168576205e-09	2.353937828458619
3.538342063791333e-09	2.3539378244039053
3.5743725756987033e-09	2.353937820430414
3.6107699052934095e-09	2.353937821308552
3.6475378273337355e-09	2.353937817397138
3.68468033862257e-09	2.3539378183359596
3.722200991873592e-09	2.3539378192559774
3.76010378388969e-09	2.353937815385817
3.798392267384543e-09	2.353937811593169
3.837070661205644e-09	2.3539378078764774
3.876142962155882e-09	2.35393780423422
3.9156131670381455e-09	2.353937805436393
3.9554852726553236e-09	2.3539378066144914
3.9957632758103045e-09	2.353937802997632
4.036451617395187e-09	2.3539377994532007
4.0775542942128595e-09	2.353937795979744
4.119075303066211e-09	2.3539377925758393
4.161019528936549e-09	2.353937789240092
4.2033905245375536e-09	2.3539377907422145
4.246193174850532e-09	2.35393779221426
4.289431476678374e-09	2.353937788885862
4.3331103150023864e-09	2.3539377903950225
4.377233686625459e-09	2.3539377918739675
4.4218064765289e-09	2.3539377885524857
4.466833125604808e-09	2.353937785297501
4.5123185188344905e-09	2.353937782107681
4.558266653020837e-09	2.353937778981719
4.604682857234366e-09	2.3539377759183364
4.651571572367175e-09	2.353937772916279
4.698938127489782e-09	2.353937774744856
4.746786963494287e-09	2.3539377813073226
4.7951229653619976e-09	2.353937782967972
4.843951018074222e-09	2.353937779824969
4.893276450701478e-09	2.35393778151525
4.943104148225075e-09	2.3539377784013666
4.99343899562632e-09	2.3539377801201025
5.044286321975733e-09	2.3539377722639325
5.0956514563438304e-09	2.3539377693352224
5.1475397278011314e-09	2.3539377712353096
5.199956465418154e-09	2.3539377730973663
5.252906998265416e-09	2.353937770152048
5.306396655413437e-09	2.3539377672656787
5.360431210021943e-09	2.3539377644370774
5.415015991161454e-09	2.3539377616650876
5.470156327902487e-09	2.3539377637185463
5.52585843749398e-09	2.3539377657309086
5.582127649006452e-09	2.3539377581631813
5.6389697355996304e-09	2.353937755516782
5.6963904704332435e-09	2.353937757693192
5.754396070756229e-09	2.3539377598260467
5.812992309728315e-09	2.3539377571464297
5.87218540459844e-09	2.3539377592901976
5.931981128526331e-09	2.353937756621332
5.992385698760927e-09	2.3539377540058743
6.053405332551165e-09	2.3539377514427544
6.115046247145983e-09	2.353937748930925
6.1773151038835294e-09	2.3539377464693585
6.2402181200127416e-09	2.3539377488266515
6.3037615127825575e-09	2.3539377511367743
6.367951943531125e-09	2.3539377486311186
6.432796073596592e-09	2.3539377461756
6.4983005643171055e-09	2.353937753308228
6.564472077030814e-09	2.3539377507591697
6.631317273075865e-09	2.3539377530305776
6.6988432578796164e-09	2.353937755256536
6.767056692780216e-09	2.3539377526685374
6.83596468320502e-09	2.3539377596711164
6.905574334581388e-09	2.3539377665335834
6.9758927523366765e-09	2.3539377637200305
7.046927485987453e-09	2.353937760962772
7.1186856409610755e-09	2.3539377534913632
7.191174322684901e-09	2.35393775093874
7.264401080675498e-09	2.353937748437189
7.3383734644494325e-09	2.3539377459856876
7.413099023523273e-09	2.353937748352479
7.488585751502796e-09	2.35393774590269
7.56484119790457e-09	2.353937743501915
7.641872912245162e-09	2.3539377411491715
7.71968888813035e-09	2.353937738843499
7.798297119165909e-09	2.3539377413531164
7.877706487136038e-09	2.353937743812524
7.957924097468094e-09	2.353937741453599
8.038958831946275e-09	2.35393772960364
8.120818684176356e-09	2.3539377275289506
8.203511647764117e-09	2.353937725495768
8.287046604493753e-09	2.3539377187341906
8.371432436149462e-09	2.3539377168769406
8.45667802451544e-09	2.3539377293639734
8.542791363197466e-09	2.353937736832167
8.629781333979736e-09	2.35393773938194
8.717657706824866e-09	2.353937746649707
8.806428475338635e-09	2.3539377442341
8.896103409483658e-09	2.3539377514047732
8.986691391044133e-09	2.353937753663031
9.078201301804256e-09	2.353937751107158
9.170643799905065e-09	2.353937748602416
9.264026878952336e-09	2.3539377461477797
9.358361197087106e-09	2.353937743742247
9.453656524271992e-09	2.353937741384837
9.54992174229119e-09	2.3539377486123816
9.647167509285737e-09	2.3539377461575683
9.74540359521825e-09	2.353937743751862
9.844639770051344e-09	2.35393774139428
9.944886691926058e-09	2.3539377295461446
1.0046154130805007e-08	2.353937722703868
1.0148452744829228e-08	2.353937720767301
1.0251793192139758e-08	2.353937718869473
1.0356186130877632e-08	2.3539377217784287
1.0461642219183886e-08	2.353937719860384
1.0568172115199559e-08	2.353937722749509
1.0675786477065685e-08	2.3539377208120476
1.0784496851101721e-08	2.3539377189133424
1.0894313895448704e-08	2.353937712283841
1.1005249156426089e-08	2.353937705786952
1.1117314180353333e-08	2.353937708957544
1.1230520513549891e-08	2.353937716833466
1.134487970233522e-08	2.353937715014354
1.1460403293028776e-08	2.35393771323163
1.1577102831950015e-08	2.353937721022027
1.1694990753596812e-08	2.3539377143504234
1.1814079492467044e-08	2.353937707812271
1.1934380594880167e-08	2.3539377157110284
1.2055906495334057e-08	2.3539377139143833
1.2178670516505008e-08	2.3539377121536758
1.2302684204712477e-08	2.3539377104281876
1.242796088263276e-08	2.3539377039685303
1.2554512984763733e-08	2.3539377024067596
1.268235383378169e-08	2.3539377008762283
1.2811496752362928e-08	2.3539376993763117
1.2941954175005321e-08	2.3539376979063973
1.3073740312563586e-08	2.353937691697231
1.3206868487714019e-08	2.3539376856122636
1.3341352023132913e-08	2.3539376844176507
1.3477205129674985e-08	2.3539376784782964
1.361444201819495e-08	2.353937682195005
1.3753076011369103e-08	2.353937681068745
1.389312220823058e-08	2.3539376799650125
1.4034593931455674e-08	2.353937678883357
1.4177506280077523e-08	2.3539376778233367
1.432187435312926e-08	2.3539376720159124
1.4467712361465601e-08	2.3539376710932496
1.461503540411968e-08	2.3539376654204456
1.4763858580124634e-08	2.3539376598611077
1.4914197876692015e-08	2.353937654412967
1.506606750467654e-08	2.353937649073799
1.5219482563111342e-08	2.353937634304265
1.5374460815564817e-08	2.3539376293672976
1.553101647289168e-08	2.3539376245290775
1.5689167298660323e-08	2.353937634093332
1.5848927503725463e-08	2.3539376339291582
1.6010314851655494e-08	2.3539376433053882
1.617334532966197e-08	2.353937638188411
1.6338036701313285e-08	2.353937647479438
1.6504404953820995e-08	2.3539376565846304
1.6672467850753492e-08	2.3539376559706158
1.684224137932233e-08	2.353937655368882
1.7013743303095907e-08	2.3539376643162604
1.7186991385642614e-08	2.353937663547609
1.7362005166887684e-08	2.3539376627943316
1.7538800634042673e-08	2.3539376477505365
1.7717395550675974e-08	2.353937642544687
1.789780945671282e-08	2.3539376279059168
1.8080060115721608e-08	2.3539376230969786
1.8264167067627568e-08	2.353937618384225
1.8450148075999095e-08	2.3539376089972186
1.8638022680761424e-08	2.353937609334984
1.8827810421839786e-08	2.3539376096659943
1.9019530839159415e-08	2.3539376099903837
1.9213203472645546e-08	2.3539376150767874
1.940884963858025e-08	2.353937624829957
1.9606487100531922e-08	2.3539376153140648
1.9806137174782634e-08	2.3539376012200055
2.000782117761446e-08	2.353937601713318
2.0211558648952632e-08	2.353937597428274
2.0417370905079224e-08	2.353937593228935
2.062527748591947e-08	2.353937608187527
2.083530148411228e-08	2.35393759900452
2.1047464215939726e-08	2.353937590005181
2.1261786997683885e-08	2.3539375859543155
2.1478292921983666e-08	2.3539375819844706
2.1697003305121143e-08	2.3539375923994488
2.1917941239735228e-08	2.353937593069174
2.2141128042107994e-08	2.353937593725504
2.2366588581235192e-08	2.353937575294835
2.2594344173398895e-08	2.353937585843591
2.2824419687594855e-08	2.353937577107507
2.3056838216461983e-08	2.3539375780830754
2.3291622852639193e-08	2.3539375790391315
2.3528798465122236e-08	2.353937579976066
2.3768389922906863e-08	2.3539375904311757
2.4010420318631986e-08	2.3539376006771753
2.4254914521293358e-08	2.3539376059497945
2.450189917624357e-08	2.3539376015800535
2.475139915247837e-08	2.3539376163715118
2.5003439318993514e-08	2.3539376022564387
2.5258046321141592e-08	2.353937602729017
2.5515245027918354e-08	2.353937603192144
2.5775063861033232e-08	2.35393759410912
2.6037527689481976e-08	2.3539375804393186
2.6302664934974018e-08	2.3539375765798045
2.657050224286195e-08	2.353937577565923
2.684106625849836e-08	2.3539375785323178
2.7114385403592678e-08	2.3539375699425102
2.7390488099854338e-08	2.3539375710613752
2.7669402768992768e-08	2.353937567389428
2.795115605636056e-08	2.3539375637909212
2.8235779936380823e-08	2.3539375602643866
2.8523301054406147e-08	2.3539375425030915
2.8813749608502803e-08	2.35393754417075
2.910715579673706e-08	2.3539375362681976
2.940354981717519e-08	2.3539375142184173
2.970296186788346e-08	2.353937506914922
3.000542392328498e-08	2.353937509294351
3.031096440508918e-08	2.3539374973209175
3.061961706407601e-08	2.353937495123804
3.093141387466858e-08	2.3539374977390555
3.1246383258576316e-08	2.3539375098388433
3.156456074293601e-08	2.3539375073913704
3.188597830217077e-08	2.3539374954560097
3.2210667910703705e-08	2.353937488527779
3.2538665095671604e-08	2.3539374722012805
3.2870001831497575e-08	2.353937475274984
3.3204713645318407e-08	2.353937487824043
3.354283251155721e-08	2.353937500122117
3.388439395735077e-08	2.353937502637397
3.422943350983587e-08	2.353937538481261
3.457798669614931e-08	2.3539375211557023
3.493008904342787e-08	2.3539374946398386
3.528577607880834e-08	2.353937468654301
3.5645086882141186e-08	2.353937467030531
3.60080569805632e-08	2.353937474976054
3.637472190121116e-08	2.3539374875310726
3.674512072393554e-08	2.35393747599295
3.711929252858681e-08	2.353937469454
3.7497272842301754e-08	2.353937453509018
3.787910429764452e-08	2.353937433114536
3.826482242175189e-08	2.3539374274331633
3.865446984718801e-08	2.353937407560207
3.9048082101089676e-08	2.3539373690111023
3.944570536873471e-08	2.353937359843406
3.984737517725989e-08	2.3539373317854575
4.0253134159229376e-08	2.353937323362281
4.0663024947207305e-08	2.353937296033967
4.1077090173757824e-08	2.3539372644838252
4.149537247144508e-08	2.3539372478698932
4.191791447283322e-08	2.353937284040634
4.234475881048638e-08	2.3539373004143576
4.27759516696824e-08	2.3539373069238065
4.3211532130271735e-08	2.3539373037662705
4.365154993024589e-08	2.353937305440283
4.409604770216902e-08	2.3539373261544005
4.454507163131893e-08	2.353937351222627
4.4998667902973466e-08	2.3539373567159023
4.545688270241044e-08	2.353937357330916
4.5919765767621357e-08	2.353937329323262
4.6387359731170363e-08	2.353937330486131
4.685971788376264e-08	2.35393734116253
4.733688285796234e-08	2.3539373182466465
4.781890794447463e-08	2.353937324399441
4.830584288129103e-08	2.353937311355609
4.879773385368935e-08	2.353937312877832
4.929463415237478e-08	2.353937319138001
4.979659351533883e-08	2.3539373252729665
5.0303665233286665e-08	2.3539373217484503
5.081590259692348e-08	2.3539373039892535
5.133335534424077e-08	2.3539372818168536
5.1856076765943726e-08	2.3539372934666325
5.2384120152737523e-08	2.353937290578246
5.2917542348041025e-08	2.353937292516017
5.345639308984573e-08	2.353937299183421
5.400073277428419e-08	2.353937300949087
5.455061469206157e-08	2.353937269300724
5.5106095686596746e-08	2.353937271664046
5.566723260130857e-08	2.3539372358330035
5.6234085832329583e-08	2.353937253170843
5.680670867036497e-08	2.353937212941284
5.7385165064260946e-08	2.3539372307369564
5.796951185743637e-08	2.3539372386399413
5.855980944602379e-08	2.353937246384866
5.915611467344206e-08	2.353937220596193
5.97584914885374e-08	2.353937214396837
6.036700739286971e-08	2.3539371940163143
6.098171922985784e-08	2.353937150201481
6.160269094834803e-08	2.353937145410024
6.222998649718647e-08	2.3539371311776285
6.28636698252194e-08	2.3539371553769532
6.350380488129304e-08	2.3539371600187544
6.415045561425359e-08	2.3539371359574193
6.480369307837464e-08	2.3539371409876115
6.54635812225024e-08	2.3539371936010283
6.613019110091045e-08	2.3539371784048146
6.680358666244501e-08	2.353937153975762
6.748383896137966e-08	2.3539371061933805
6.817101905198797e-08	2.3539371213556186
6.886519798854351e-08	2.3539371123727006
6.956644682531987e-08	2.3539371178745863
7.027482951116326e-08	2.3539370803510016
7.099043131120197e-08	2.3539370626514167
7.171331617428223e-08	2.353937059610968
7.244356226010495e-08	2.3539370852416135
7.318124772837109e-08	2.3539370722125983
7.392644363335421e-08	2.353937083286067
7.467922813475525e-08	2.353937070296164
7.543967939227514e-08	2.3539370337241596
7.620786846018746e-08	2.3539370694092976
7.698388060362049e-08	2.3539370233182733
7.776779398227518e-08	2.3539369686123135
7.855969386127981e-08	2.353936981757789
7.935965840033532e-08	2.353936994640354
8.016776575914264e-08	2.3539370263387833
8.098410120283006e-08	2.3539369811091784
8.180874999652588e-08	2.3539370035414726
8.264179740535837e-08	2.3539368920105153
8.348332869445585e-08	2.353936887614512
8.433342912894659e-08	2.353936840391024
8.519218397395889e-08	2.353936832259034
8.60596856000484e-08	2.353936848131575
8.69360192723434e-08	2.353936773087483
8.782127736139955e-08	2.3539367281545434
8.87155522377725e-08	2.353936741340798
8.961892916659053e-08	2.353936706579551
9.053150762383666e-08	2.353936791722968
9.145337998006653e-08	2.3539368084062295
9.238463860583579e-08	2.3539368104506933
9.332537587170009e-08	2.353936783844004
9.427569835906979e-08	2.3539367243908105
9.523569843850055e-08	2.353936709042076
9.6205468480548e-08	2.353936703537071
9.718511506662253e-08	2.353936640921645
9.817473767270712e-08	2.3539366939995694
9.91744357747848e-08	2.3539367221740513
1.0018431595426591e-07	2.3539366973329003
1.0120447768713348e-07	2.35393663960994
1.0223502755479785e-07	2.353936687945718
1.032760721386694e-07	2.353936649484008
1.043277180201585e-07	2.3539365927180294
1.053900717806755e-07	2.35393664676002
1.0646324710705812e-07	2.3539366901844168
1.0754735058071674e-07	2.353936675519815
1.0864248878306171e-07	2.3539366373066266
1.0974878250635811e-07	2.353936556942323
1.1086633833201631e-07	2.3539365211006875
1.1199527705230139e-07	2.353936500281013
1.1313571235405107e-07	2.353936408352102
1.1428775792410306e-07	2.3539364136292775
1.1545153455472246e-07	2.3539364950949135
1.1662716303817433e-07	2.3539365510893586
1.1781476416672376e-07	2.3539365964271632
1.1901445873263583e-07	2.3539366170163354
1.2022637463360297e-07	2.3539365752048487
1.214506255564629e-07	2.353936515156093
1.2268733939890808e-07	2.3539364753818135
1.2393664405863092e-07	2.353936603296138
1.2519868164417858e-07	2.3539365760641817
1.2647356584238878e-07	2.3539364969247445
1.2776142455095396e-07	2.353936576724459
1.2906239987842127e-07	2.353936516645316
1.3037661972248316e-07	2.3539364386942596
1.3170422619168676e-07	2.353936433827842
1.3304534718372452e-07	2.35393638137501
1.3440012480714358e-07	2.3539362727507442
1.357687011704911e-07	2.35393632842369
1.3715121838231425e-07	2.3539363114575633
1.3854781855116016e-07	2.3539362852940107
1.3995862957472127e-07	2.3539363359477155
1.4138380777239945e-07	2.3539363951250927
1.4282349525274185e-07	2.3539363768249375
1.4427784833515034e-07	2.3539363255121684
1.4574700912817207e-07	2.353936303835899
1.472311339512089e-07	2.3539362301410427
1.48730364912808e-07	2.3539361865303285
1.5024487254322594e-07	2.353936005508991
1.5177479895100987e-07	2.3539361189788783
1.5332030045556166e-07	2.3539360442127935
1.548815475871379e-07	2.353936118761614
1.5645868245428574e-07	2.3539360869152377
1.5805187558726175e-07	2.353936012790428
1.5966129751632252e-07	2.353935949684863
1.6128710456086992e-07	2.353935983208879
1.6292946725116053e-07	2.353936044672655
1.6458855611745093e-07	2.3539360095396864
1.6626454168999771e-07	2.353936051403352
1.6795759449905745e-07	2.3539359159999305
1.6966788507488673e-07	2.353935969271137
1.7139559815859684e-07	2.353935921341081
1.7314090428044437e-07	2.353935955431971
1.749039739706859e-07	2.353935960230804
1.7668499197043275e-07	2.3539357694303615
1.784841572316509e-07	2.3539358065594658
1.8030164028459694e-07	2.3539358620194806
1.8213762587038218e-07	2.3539357542456103
1.8399231294097262e-07	2.353935672469084
1.8586588623747957e-07	2.3539357115374133
1.8775853050101432e-07	2.3539357498243767
1.8967044468354288e-07	2.353935782577227
1.9160182773703127e-07	2.353935714539189
1.935528786134455e-07	2.3539356430935396
1.9552379626475158e-07	2.3539357590433454
1.9751479385377024e-07	2.3539355865717835
1.9952605612161278e-07	2.3539354890752473
2.0155781044195464e-07	2.353935531811453
2.0361024155590712e-07	2.3539355927664256
2.0568357683714567e-07	2.3539354808408794
2.07778029448491e-07	2.3539355380468905
2.0989381255276385e-07	2.35393557503529
2.1203113931278494e-07	2.353935558831821
2.1419022289137502e-07	2.353935433279852
2.163712906622095e-07	2.35393521487147
2.1857456999896385e-07	2.3539350961987098
2.208002882753135e-07	2.353935108645466
2.230486728649339e-07	2.3539351637586394
2.253199511415005e-07	2.3539351176337266
2.2761435047868872e-07	2.353935177335507
2.2993211246102874e-07	2.353935178622782
2.322734786730507e-07	2.3539351751159385
2.3463869069928478e-07	2.353935243204819
2.3702799012426112e-07	2.353935109660278
2.394416185325099e-07	2.3539350789224507
2.4187983171941596e-07	2.353935206155669
2.4434285705865477e-07	2.353935078120485
2.4683097876732063e-07	2.3539351576860184
2.49344424219089e-07	2.3539351927448897
2.518834776310541e-07	2.353935332006775
2.544483663768915e-07	2.353935187149453
2.570393746736954e-07	2.353935193008821
2.596567867385602e-07	2.3539354228644997
2.6230082994516124e-07	2.3539353858625875
2.649718169323023e-07	2.353935335295597
2.676700034953683e-07	2.3539353429604133
2.7039564542974404e-07	2.353935250336116
2.731490553742333e-07	2.353935340762451
2.759304891242209e-07	2.3539354866007245
2.7874025931851065e-07	2.3539354292505994
2.815786217524874e-07	2.3539352872167774
2.8444588906495483e-07	2.3539352624645655
2.8734237389471673e-07	2.3539353335748414
2.9026833203715796e-07	2.3539354700201214
2.932241045527917e-07	2.353935384391377
2.962099756587122e-07	2.3539351621924145
2.9922622957201384e-07	2.3539351447090624
3.0227320735320973e-07	2.3539352992367735
3.053512216411036e-07	2.353935374379976
3.0846058507449925e-07	2.353935386031477
3.1160161029220035e-07	2.3539353831448318
3.1477460993301065e-07	2.353935361242431
3.179799250574433e-07	2.3539355162078452
3.212178683043021e-07	2.3539355584013926
3.2448878073410015e-07	2.3539354757733957
3.277930034073506e-07	2.353935418639819
3.311308773845667e-07	2.3539352672814733
3.3450274372626154e-07	2.3539350378879713
3.379089434929483e-07	2.3539349465967563
3.4134981774514017e-07	2.3539351861490343
3.448257359650597e-07	2.353935130039574
3.483370392132201e-07	2.35393497014812
3.51884096971844e-07	2.353934703781939
3.5546727872315387e-07	2.3539347717607497
3.590869539493724e-07	2.3539348050013795
3.6274349213272217e-07	2.3539345896218555
3.6643726275542576e-07	2.353934307024343
3.701686352997058e-07	2.3539344592322564
3.7393800766949425e-07	2.3539342793783478
3.777457777687232e-07	2.3539342795512788
3.815923150796152e-07	2.353934289257495
3.8547801750610233e-07	2.353934036509132
3.8940328295211657e-07	2.3539338221943398
3.933685377432994e-07	2.3539338410476955
3.9737415136187337e-07	2.3539341408579255
4.0142055013348e-07	2.3539339244561583
4.055081603837607e-07	2.3539338888121866
4.0963740843835694e-07	2.35393381573412
4.1380869220120076e-07	2.3539335819929703
4.18022466419643e-07	2.353933572271751
4.2227912899761577e-07	2.353933648575649
4.265791346824699e-07	2.3539332179060524
4.3092293822155625e-07	2.3539332726870335
4.353109659405163e-07	2.3539334646551784
4.39743672586701e-07	2.3539334906593172
4.4422151290746115e-07	2.353933201430833
4.487449700718571e-07	2.353933342372011
4.533144704055303e-07	2.3539333565166984
4.579305254992505e-07	2.3539334800510434
4.6259356167865917e-07	2.353933472368662
4.6730409053452604e-07	2.353933140590646
4.7206259523591143e-07	2.3539330300249213
4.768695589518757e-07	2.3539328024612165
4.81725464851479e-07	2.3539329942971325
4.866308245254913e-07	2.3539328723521638
4.915861495646823e-07	2.3539326193316845
4.965918947164027e-07	2.353932590716717
5.016486284148414e-07	2.353932653273113
5.067568622507679e-07	2.3539325667588558
5.11917107814952e-07	2.3539325678055754
5.171298766981636e-07	2.3539327309560005
5.223957373345911e-07	2.3539325999727403
5.277152013150044e-07	2.3539324382305424
5.33088837073592e-07	2.353932789938967
5.385172130445426e-07	2.3539327960588277
5.440008408186259e-07	2.3539326685418827
5.495403456734493e-07	2.3539327438468898
5.551362391997827e-07	2.3539325935323254
5.607891466752335e-07	2.353932465297539
5.664995796905714e-07	2.3539321298190923
5.722681635234039e-07	2.3539321396046073
5.780955234513385e-07	2.3539316818939833
5.839821710651449e-07	2.353931719711488
5.899287884858495e-07	2.353931842603334
5.959359441476408e-07	2.353931924890369
6.020042633281264e-07	2.353931752807962
6.081343713049137e-07	2.35393126945467
6.143269501990289e-07	2.3539312392270135
6.205825684446609e-07	2.353931324044831
6.269019081628358e-07	2.353931359482576
6.332855946311611e-07	2.353931317917618
6.397342531272443e-07	2.3539308766407365
6.462485657721118e-07	2.3539307970488985
6.528292146867898e-07	2.353930523545658
6.594768819923047e-07	2.3539301649134208
6.661922498096828e-07	2.3539302759858822
6.729760002599505e-07	2.353929907999725
6.798288154641341e-07	2.353929690424443
6.867514343866787e-07	2.3539291815616217
6.937445391486108e-07	2.35392900235696
7.008088687143754e-07	2.3539295753707457
7.07945105204999e-07	2.353929755454521
7.151540444283455e-07	2.3539294312575945
7.224363685054414e-07	2.353929299511102
7.297928164007317e-07	2.3539296090897333
7.372241839220806e-07	2.35392936411405
7.44731266877352e-07	2.353929319541119
7.523147473875724e-07	2.353928789485736
7.599754781040247e-07	2.3539292570843964
7.677141979911539e-07	2.353929596121792
7.755317597002431e-07	2.353929122523627
7.834289021957375e-07	2.3539295739247854
7.914064781289198e-07	2.353928957719412
7.994652833076543e-07	2.3539289069692586
8.076061135398049e-07	2.35392817058859
8.158298783200735e-07	2.353927453703907
8.24137373456324e-07	2.3539269848071287
8.325294515998394e-07	2.3539267064864093
8.410069654019026e-07	2.353926934411128
8.495708243572153e-07	2.3539266332564703
8.582218811170605e-07	2.3539258136040244
8.6696104517614e-07	2.3539259211036128
8.757891691857367e-07	2.353926226724819
8.847072194839711e-07	2.3539263641089647
8.937161055655451e-07	2.353925750111079
9.028166800817417e-07	2.353925234223841
9.120099662141001e-07	2.3539251053557075
9.212968734573224e-07	2.353925150726316
9.306783113061101e-07	2.353925500365297
9.401553029420029e-07	2.3539249227157724
9.497287578597025e-07	2.3539253150619373
9.593996992407483e-07	2.3539250892096097
9.6916915026668e-07	2.3539251492082554
9.79038077275618e-07	2.353924817000454
9.89007503449102e-07	2.3539251351669788
9.990784519686713e-07	2.3539244885274755
1.0092519460158655e-06	2.3539241170812018
1.0195290087722242e-06	2.353923753063854
1.0299107771061244e-06	2.3539233772533668
1.0403982741991058e-06	2.3539237385199483
1.0509925232327078e-06	2.3539235394300895
1.0616946610753075e-06	2.353924655624225
1.0725057109084446e-06	2.3539249436396728
1.083426923287334e-06	2.3539235378912564
1.094459321393515e-06	2.3539230567116745
1.105604042095365e-06	2.353923276569569
1.1168622222612612e-06	2.3539232011596374
1.1282351124464185e-06	2.353923213088593
1.1397237358323764e-06	2.3539222806413886
1.1513293429743499e-06	2.353921147498035
1.1630531844275538e-06	2.353920575843541
1.1748963970603654e-06	2.353921307850846
1.1868602314279997e-06	2.3539215245389844
1.1989458243988338e-06	2.3539219228598527
1.2111545402149204e-06	2.353921350003238
1.2234875157446368e-06	2.3539202163991613
1.2359461152300355e-06	2.3539191579192544
1.2485315892263316e-06	2.3539192888599914
1.2612451882887399e-06	2.3539198844823317
1.2740882766593131e-06	2.3539186276007826
1.2870621048932662e-06	2.353917400625236
1.3001680372326518e-06	2.3539170469593476
1.3134074379195226e-06	2.3539164905584267
1.3267816711959313e-06	2.3539164698064012
1.3402921013039304e-06	2.3539168500126313
1.3539400924855727e-06	2.353916116352523
1.3677271226697485e-06	2.353916684825952
1.3816545560985105e-06	2.353915882944004
1.3957237570139114e-06	2.3539149111332023
1.4099362033448415e-06	2.3539143831436897
1.4242933730201912e-06	2.353913579611671
1.438796743968851e-06	2.3539134549539464
1.453447794119711e-06	2.3539121836118193
1.4682481150884996e-06	2.3539105228482056
1.4831990711172693e-06	2.3539111936549775
1.4983022538217483e-06	2.353912556764611
1.5135592548176646e-06	2.3539140070529703
1.5289716657207464e-06	2.3539128724883827
1.544540964459884e-06	2.353913219736798
1.5602688563376432e-06	2.3539128161742746
1.5761568192829145e-06	2.353913703374962
1.5922066722851014e-06	2.353914353486543
1.6084198932730942e-06	2.353912224940363
1.6247981875494588e-06	2.3539109448199076
1.641343260416761e-06	2.3539117073230487
1.6580568171775667e-06	2.3539103135772783
1.6749405631344416e-06	2.3539093530180093
1.6919963172767893e-06	2.353908440280156
1.709225671220338e-06	2.3539078986565576
1.726630443954491e-06	2.3539065953892324
1.7442124544686521e-06	2.3539071921572923
1.7619735217522248e-06	2.353908835568485
1.7799154647946125e-06	2.3539102172296174
1.7980401025852188e-06	2.353911027663165
1.8163493678002851e-06	2.353912136600567
1.834844965742377e-06	2.3539125987025415
1.8535289427745738e-06	2.3539134044219745
1.8724032315731165e-06	2.353911971965855
1.8914696511274087e-06	2.3539112929513406
1.9107301341136917e-06	2.353909998092066
1.93018695426872e-06	2.3539085765420857
1.9498418168950593e-06	2.353908947720596
1.9696967683557887e-06	2.353909421148082
1.989753855013987e-06	2.3539077441081724
2.010015350606409e-06	2.353906572677849
2.0304830741224578e-06	2.3539065023281127
2.051159299298888e-06	2.353904921811576
2.072046072498779e-06	2.3539044934726943
2.093145440085209e-06	2.353900759682333
2.114459675794933e-06	2.35390204060075
2.1359910533647053e-06	2.353903043177104
2.157741619157605e-06	2.3539021421951514
2.179713646910386e-06	2.3539024847043377
2.2019094103598036e-06	2.3539024675038425
2.2243311832426116e-06	2.3539012490177154
2.2469812392955646e-06	2.353903888672072
2.269861852255417e-06	2.3539037194145602
2.292975523232599e-06	2.3539060330954267
2.3163245259638643e-06	2.353904442890058
2.3399113615596434e-06	2.3539036092812786
2.3637383037566906e-06	2.353900570283513
2.3878078536654357e-06	2.353901320932288
2.4121225123963086e-06	2.3539018038443924
2.436684781059739e-06	2.3539029923539934
2.4614971607661573e-06	2.3539031891139692
2.4865623799996683e-06	2.3539021660039903
2.5118827124970267e-06	2.353901792781261
2.5374608867423376e-06	2.3538998534603617
2.5632996312197065e-06	2.353901691329207
2.589401447039563e-06	2.353899644364802
2.615769062686013e-06	2.353898186702419
2.6424052066431614e-06	2.353896824950485
2.669312380021438e-06	2.3538980748909912
2.6964935386786237e-06	2.3538970348561827
2.7239516384724993e-06	2.3538960490006717
2.7516891805134946e-06	2.353899093062777
2.779709348033066e-06	2.3538991723053426
2.8080148695153184e-06	2.353896636895426
2.8366084734443575e-06	2.3538936515146918
2.8654933430516394e-06	2.3538932196999123
2.8946722068212694e-06	2.3538956766178676
2.9241482479847036e-06	2.3538930823756683
2.953924422399723e-06	2.3538956183340543
2.9840039132977836e-06	2.3538958052181664
3.0143896765366662e-06	2.3538963364557226
3.045084895347827e-06	2.3538960512137295
3.076092525589047e-06	2.353892672235044
3.1074159778654575e-06	2.353892360141661
3.139058435408515e-06	2.35389032337126
3.1710230814496754e-06	2.353891846394498
3.203313099220395e-06	2.3538878553299463
3.235932126699481e-06	2.353890758089683
3.2688831197447143e-06	2.3538873228488453
3.3021697163349018e-06	2.353883617758442
3.335795327075175e-06	2.3538825378486457
3.3697633625706658e-06	2.3538840782995596
3.4040772334265057e-06	2.353882693539903
3.438740577621502e-06	2.353881660724707
3.473756805760786e-06	2.353878927183672
3.509129555823165e-06	2.3538780793681475
3.544862465787446e-06	2.353875355465414
3.580959401006112e-06	2.3538756901148337
3.617423772084294e-06	2.3538781256915065
3.6542594443744747e-06	2.353878648123356
3.691470283229137e-06	2.3538784734610596
3.729060154000763e-06	2.353879408554217
3.76703269466816e-06	2.353881006822648
3.8053919979574857e-06	2.353880460737098
3.844141701847548e-06	2.353879801595598
3.883285899064504e-06	2.3538770623218017
3.922828909708187e-06	2.3538778444396242
3.962774371757405e-06	2.353877819365407
4.003126832685666e-06	2.3538782763982042
4.043889930471778e-06	2.3538759490980823
4.085068212589249e-06	2.353873835236969
4.1266657717642374e-06	2.3538748964732092
4.168687155470252e-06	2.3538746013406806
4.211136456433451e-06	2.3538760859450325
4.254017767379992e-06	2.353873769075374
4.2973360905307345e-06	2.35387373014101
4.341095518611837e-06	2.3538728146049617
4.385300144349458e-06	2.3538706203825637
4.429954969964456e-06	2.3538725899176627
4.47506454293034e-06	2.353875569103808
4.52063341072062e-06	2.3538751651512357
4.566666575556155e-06	2.3538787794782174
4.613168130163103e-06	2.353876194161174
4.660143531509675e-06	2.353872354016657
4.707597327069379e-06	2.3538715995175004
4.755534064315725e-06	2.3538701734628185
4.803959200216923e-06	2.3538661580932305
4.852877282246482e-06	2.353866571785919
4.902293312625261e-06	2.3538626999754437
4.952212748321472e-06	2.3538655956265098
5.0026405915559735e-06	2.3538616527401617
5.053581844549626e-06	2.35385986295318
5.10504196427064e-06	2.353861985648036
5.1570259529398754e-06	2.3538592212234652
5.2095392675255425e-06	2.3538614425836033
5.262587364995852e-06	2.353861578653501
5.316175702319015e-06	2.3538587460748754
5.370309736463241e-06	2.353857476953243
5.424994924396742e-06	2.3538552556978694
5.480236723087728e-06	2.353853827501941
5.5360410442517605e-06	2.3538527854978004
5.592413799604401e-06	2.35385756744196
5.64936044611386e-06	2.353850576005228
5.706887350243051e-06	2.353845426705886
5.764999968960183e-06	2.3538376910309577
5.823704213980818e-06	2.3538377346956905
5.883006451767869e-06	2.35383681904444
5.942912139289547e-06	2.353839035452858
6.003428097756114e-06	2.3538419943144193
6.064560238883132e-06	2.3538431344696353
6.126314929133514e-06	2.3538440706236265
6.188698534970172e-06	2.353847300714756
6.251717422856018e-06	2.3538550867561265
6.315377959253965e-06	2.35385624162806
6.379686510626925e-06	2.3538618222932417
6.444649898185162e-06	2.35385900868368
6.510274943138938e-06	2.3538532329670967
6.576568011951167e-06	2.353855211696122
6.643536380579462e-06	2.3538513239004923
6.711186870234087e-06	2.3538502604428073
6.779525847377954e-06	2.353848641281314
6.848561042716028e-06	2.353845752737608
6.918299277458573e-06	2.3538446719571473
6.988747372815851e-06	2.353846693160339
7.059913059492828e-06	2.3538451882598395
7.131803158699768e-06	2.353847513849501
7.204425401141634e-06	2.3538444046674813
7.277787062776042e-06	2.3538443951218
7.3518958743079565e-06	2.353846583986333
7.426759111694992e-06	2.353844070374538
7.502384960389463e-06	2.3538429946311092
7.578780696348986e-06	2.353836452006857
7.655954505025875e-06	2.353840435285141
7.733913662377745e-06	2.3538410201112376
7.812666808604263e-06	2.3538433193913257
7.892222129157744e-06	2.353836789345356
7.972587809490506e-06	2.35383820526133
8.053772035054862e-06	2.3538438128678347
8.135782991303131e-06	2.3538494275314994
8.218628863687627e-06	2.3538459272163426
8.302317837660667e-06	2.353855085408467
8.386859008169267e-06	2.353854309116863
8.472261470160447e-06	2.353854196849625
8.558533409086522e-06	2.3538552360052845
8.645683919894509e-06	2.3538489921479098
8.733722097531427e-06	2.353840341162372
8.82265612744959e-06	2.3538375137168708
8.91249601409072e-06	2.3538349621653722
9.003250852401834e-06	2.353833396245734
9.094929737329949e-06	2.35383220019887
9.187542673316784e-06	2.353832263081184
9.281097845814656e-06	2.3538317048175466
9.375606168759987e-06	2.3538273334851723
9.471076737099793e-06	2.353822563205544
9.567519555275794e-06	2.3538229475737578
9.66494462772971e-06	2.353825722745513
9.76336195890326e-06	2.3538172415089855
9.862780643743463e-06	2.353823773837925
9.96321250568144e-06	2.3538297272933573
1.006466663966421e-05	2.3538291100729296
1.0167153959628195e-05	2.353827723183971
1.0270684470015112e-05	2.3538268980904085
1.0375269084761385e-05	2.3538291126463005
1.0480918717803434e-05	2.3538314354989653
1.058764428307768e-05	2.35382696941716
1.0695456694520544e-05	2.3538279904536212
1.0804366866068449e-05	2.353828552379168
1.0914386621152516e-05	2.353824000908611
1.1025525964214467e-05	2.353833812203611
1.1137797628180124e-05	2.35383019504157
1.125121252698591e-05	2.3538302884902866
1.1365782484062947e-05	2.3538300033686745
1.1481518413347658e-05	2.353826648349824
1.1598433047765866e-05	2.353822592723525
1.1716538210748695e-05	2.3538152517394155
1.183584663522197e-05	2.3538109090611945
1.195636923512211e-05	2.3538114692918355
1.2078119652869646e-05	2.353809872550652
1.2201109711895697e-05	2.3538050271046433
1.232535214512609e-05	2.3538036784164933
1.2450859685486648e-05	2.3537953233540225
1.2577645065903198e-05	2.353789099961893
1.2705721928796265e-05	2.3537848463974083
1.2835103007091675e-05	2.3537945586338895
1.2965801033715252e-05	2.353800352527435
1.3097830560582224e-05	2.3538009140804017
1.3231204320618417e-05	2.353805999123684
1.3365935956244357e-05	2.353796252966283
1.350203910988057e-05	2.3537925906709343
1.3639528333442286e-05	2.3537925731318077
1.3778418178844731e-05	2.3537983590516793
1.3918722288508434e-05	2.3538052499562783
1.4060455214348622e-05	2.353802695181457
1.4203630598785821e-05	2.353793367962397
1.4348263903229963e-05	2.3537865208744497
1.4494370589090977e-05	2.3537743557111717
1.4641965208284091e-05	2.3537693050746094
1.4791062312724534e-05	2.353771965771823
1.4941677363822237e-05	2.3537624854331316
1.509382673248183e-05	2.353760723959942
1.5247524970618542e-05	2.353756537236481
1.5402789358631708e-05	2.353760850423331
1.5559633538941853e-05	2.35375270819056
1.571807479194831e-05	2.353754441975357
1.5878129488555714e-05	2.3537518733918925
1.6039813999668695e-05	2.353737392335797
1.6203144696191885e-05	2.3537424412801577
1.636813976801932e-05	2.353749701905849
1.6534813767066225e-05	2.3537555632373
1.670318488322664e-05	2.353756529433797
1.68732713063946e-05	2.353754243350431
1.7045089407474734e-05	2.3537528708323605
1.721865737636108e-05	2.3537588928987456
1.7393993402947672e-05	2.3537633163286125
1.7571113858139142e-05	2.3537531983556166
1.775003875081893e-05	2.3537537064023595
1.7930784451891668e-05	2.3537425265461622
1.8113370970240794e-05	2.353759613080364
1.8297816495760344e-05	2.3537453205532533
1.8484141037333757e-05	2.3537385904117194
1.8672362784855068e-05	2.3537369301376034
1.8862501747207716e-05	2.35374274649701
1.9054576114285737e-05	2.3537263165167146
1.924860589497257e-05	2.3537192607369173
1.9444611098151654e-05	2.3537123269992297
1.964261355169583e-05	2.3537187021786052
1.9842631445499137e-05	2.353721421259423
2.0044686607434414e-05	2.353705598982
2.0248799046385102e-05	2.3536989003324384
2.0454990590224043e-05	2.353691634705245
2.0663281247834675e-05	2.3536997159591992
2.0873692847089842e-05	2.3536850525802615
2.1086247215862386e-05	2.3536768813519595
2.130096618202515e-05	2.3536830928322807
2.1517871573450975e-05	2.3536727244326663
2.1736985218012705e-05	2.3536479960258605
2.1958330762572587e-05	2.3536400414077723
2.218193003500346e-05	2.3536439665393947
2.240780486317817e-05	2.3536309808166997
2.2635980712948367e-05	2.3536098290958734
2.286647941218689e-05	2.3536145825871984
2.3099326426745392e-05	2.3536116020774225
2.3334543584496714e-05	2.3536016859767304
2.3572156351292506e-05	2.3536101118519226
2.3812188373995014e-05	2.3535966015933387
2.4054665118455887e-05	2.3535693234539883
2.4299610231537372e-05	2.353559404155624
2.4547049179091118e-05	2.3535537077488415
2.479700924595818e-05	2.3535524358781057
2.50495140790008e-05	2.3535683031303924
2.5304589144070633e-05	2.3535654471233265
2.5562261726008728e-05	2.3535591720935183
2.582255910965614e-05	2.3535432903179077
2.608550676086452e-05	2.353547853474257
2.6351131964474916e-05	2.353550050854235
2.6619462005328387e-05	2.353550997888603
2.6890524168265983e-05	2.3535551637065883
2.7164347557118163e-05	2.3535457421798927
2.7440959456725977e-05	2.353538907574637
2.772038715193048e-05	2.353534794118884
2.800265974656213e-05	2.3535412914966996
2.8287806344451383e-05	2.353534798628802
2.8575857868418097e-05	2.3535235623425055
2.8866841603303328e-05	2.35351214547035
2.9160788471926935e-05	2.35353255216574
2.945772939710878e-05	2.3535239548028453
2.9757693482679315e-05	2.3535185573031625
3.0060711651458405e-05	2.3535172159651436
3.0366816645255312e-05	2.353505706675443
3.0676037567900494e-05	2.3534991625645167
3.0988408980192617e-05	2.353525741698786
3.130395998596214e-05	2.353536210980411
3.162272332701832e-05	2.3535122148949577
3.194473174517043e-05	2.353521896134168
3.2270021620206535e-05	2.353507980580869
3.2598622055957094e-05	2.3535282226187273
3.293056943221018e-05	2.3535349754042065
3.326589649077505e-05	2.3535755868549852
3.360463961143978e-05	2.3535640593250386
3.394683153601363e-05	2.3535750878614383
3.429250864428468e-05	2.35359789305001
3.4641703678062186e-05	2.353595351235152
3.4994456655113026e-05	2.353620688473145
3.535080031724647e-05	2.3536261784512407
3.5710774682229385e-05	2.3536157228677506
3.6074412491871044e-05	2.3536010418103586
3.644175376393832e-05	2.3536065003366393
3.681283487821929e-05	2.353577040579845
3.718769585248083e-05	2.353550744938841
3.7566373066511005e-05	2.3535531896653086
3.79489065380767e-05	2.3535427633460624
3.833533628494479e-05	2.353571069227213
3.872569868690334e-05	2.3535609528887496
3.912003739969805e-05	2.353564757482098
3.9518392441095784e-05	2.3535278070056123
3.992080382886343e-05	2.3535466893039154
4.0327311580767855e-05	2.3535400694063875
4.0737959352554753e-05	2.353542007619395
4.1152787161991e-05	2.3535353192309225
4.157184230280109e-05	2.3535503128813993
4.1995164792751893e-05	2.353573313162163
4.2422794649610296e-05	2.353558002103692
4.285477916710079e-05	2.353566328908542
4.329116563894786e-05	2.353562029422351
4.373199408291839e-05	2.3535445646212576
4.417731179273687e-05	2.3535589394421135
4.462716242414899e-05	2.3535525227687497
4.508159327087924e-05	2.353530727684469
4.554065162665211e-05	2.353504380785198
4.600438478519209e-05	2.353492498774047
4.647284004022367e-05	2.3534774116388375
4.694606832345016e-05	2.353475806025384
4.742411329061724e-05	2.3534508293564755
4.790702587342821e-05	2.353463721949033
4.839485700358637e-05	2.3534522096560484
4.88876539748162e-05	2.353479899509864
4.9385471356799826e-05	2.353469374967848
4.988835644326173e-05	2.3534454948995207
5.0396363803884014e-05	2.3534351863809246
5.0909544370369986e-05	2.3534184130808575
5.142794907442294e-05	2.3533894439662744
5.1951632485724986e-05	2.3533851392788434
5.248064917395823e-05	2.353357269562114
5.301505370880477e-05	2.3533295566965062
5.3554900659946725e-05	2.353343034150833
5.4100244597066194e-05	2.353322577352704
5.4651140089845285e-05	2.353348415730272
5.520764534594491e-05	2.3533282852223683
5.5769818573025987e-05	2.3533450019886235
5.633771434077062e-05	2.3533222503939806
5.6911394494818524e-05	2.3533014606366502
5.749091724283062e-05	2.3532864797027258
5.807634079246782e-05	2.3532902376803877
5.866772335139103e-05	2.353285666447288
5.926513040321879e-05	2.3532862220392405
5.986862015561201e-05	2.3532476992509825
6.04782544542104e-05	2.3532064993858355
6.10940987826325e-05	2.353194862493517
6.171621498651803e-05	2.353173068057367
6.234466127352789e-05	2.353173067046257
6.297951040323824e-05	2.3532069787140593
6.362082058330998e-05	2.3532242714823073
6.426866457331926e-05	2.3532244814109373
6.492310058092698e-05	2.3532561059413495
6.55842013657093e-05	2.3532518883253912
6.625203968724236e-05	2.353188255321151
6.692667375318706e-05	2.3532121452821717
6.760817632311955e-05	2.3532312563728053
6.829662015661597e-05	2.3532141795394166
6.899207801325247e-05	2.353207925123433
6.969461537664756e-05	2.3532602512629928
7.04043050063774e-05	2.353207022479798
7.112121966201812e-05	2.3532112108876237
7.184543937910348e-05	2.3532149102157085
7.257702964125201e-05	2.353215521946392
7.331607048399746e-05	2.3531821038795955
7.40626419428736e-05	2.3531908151650405
7.481680950149894e-05	2.353194140394638
7.557866047136486e-05	2.353211732844619
7.63482676120475e-05	2.353194850978559
7.71257109590806e-05	2.353179136446476
7.791107054799795e-05	2.353153345923357
7.870442641433328e-05	2.3530988935449897
7.950586586957797e-05	2.353050179376482
8.031546167330816e-05	2.353039771072461
8.113330113701522e-05	2.353075132724986
8.195947157219052e-05	2.3530703527114776
8.279405301436782e-05	2.3529970085158296
8.363713277503848e-05	2.3529833291792532
8.448879816569388e-05	2.352982454709926
8.534913649782538e-05	2.352945844479863
8.621823508292437e-05	2.352884698853388
8.70961812324822e-05	2.352868587937539
8.798306953394786e-05	2.3528220384749305
8.887898729881272e-05	2.352811448459216
8.978402911452577e-05	2.35272431376646
9.069828956853598e-05	2.352743344336834
9.162185597233474e-05	2.3526566228205805
9.255483018932864e-05	2.352592521202181
9.349730680696666e-05	2.3525815052050176
9.444938041269779e-05	2.352579583467311
9.541114559397101e-05	2.352662333991568
9.638270421419293e-05	2.3526910060281674
9.736415813677013e-05	2.3527130821707267
9.83556019491516e-05	2.3526412853176564
9.935714479070157e-05	2.352616591096288
0.00010036888852482662	2.352603987439035
0.00010139093501493335	2.3525557872373737
0.00010242338612442836	2.352502285399486
0.00010346635099267587	2.3524744202487478
0.00010451993875904009	2.352525966961876
0.00010558425128692761	2.352398727384906
0.00010665940499166027	2.3523830089636117
0.00010774550173664466	2.3523654829853893
0.0001088426579372026	2.3523287524348735
0.00010995099000865594	2.352369031367194
0.00011107060709036887	2.3524058105909242
0.00011220162559766322	2.352401580563798
0.00011334416194586083	2.352381942697945
0.00011449833255028352	2.3523773651003945
0.00011566425382625312	2.352291373279344
0.00011684204946504906	2.352329252669531
0.00011803183588199317	2.352312816122305
0.0001192337367683649	2.3523060495459522
0.0001204478758154437	2.3523845957226968
0.0001216743839904666	2.3524145691372222
0.00012291337770875543	2.352336092055015
0.00012416498793754727	2.3522459522833112
0.00012542934564407915	2.352298930767247
0.00012670658179558814	2.3522426553303077
0.00012799681280739605	2.3522730499882893
0.0001293001841986552	2.352349542952757
0.0001306168269366026	2.3523951376573615
0.00013194688654039055	2.3524208709592074
0.0001332904794253409	2.352525702326949
0.00013464776566252112	2.352532921816177
0.00013601886166725308	2.3525176189477857
0.00013740392751060426	2.3525809950920844
0.00013880309415981174	2.3525797034449423
0.00014021650713402778	2.3525899723216
0.00014164431195240468	2.352453375015976
0.00014308665413409472	2.352453748853242
0.0001445436937501654	2.3524561656135425
0.0001460155617678538	2.3524993179207785
0.0001475024182582274	2.35247746781572
0.00014900442329235375	2.3525064945473573
0.0001505217223893851	2.352486494089088
0.00015205446106847376	2.3524971727995303
0.00015360281395260245	2.352392329174167
0.00015516692656092346	2.352369328667649
0.00015674697351641953	2.352313891175717
0.00015834311489015818	2.352293198526763
0.00015995549620129168	2.3522720471187886
0.000161584306624718	2.352278622434653
0.00016322969167958945	2.3521778303356906
0.00016489184054080397	2.352206665238987
0.00016657091327942908	2.352215315900271
0.00016826708451844752	2.3522493138730374
0.00016998052888084203	2.352171094906673
0.00017171142098959535	2.352131004192927
0.00017345993546769023	2.3520307945781234
0.00017522626149002463	2.352005802732887
0.00017701057367958128	2.351937885164557
0.00017881304665934294	2.3519876503723376
0.00018063386960420758	2.3518956627152328
0.00018247324624098837	2.351832365511648
0.00018433135119266808	2.3518839120948485
0.00018620837363414466	2.351814751156418
0.0001881045027403161	2.3517806905922134
0.00019001994223799556	2.3518697010326886
0.00019195489585399628	2.3518154250692858
0.0001939095527632162	2.3519014901488324
0.0001958841021405533	2.351890843196503
0.000197878762264736	2.352002379359917
0.0001998937368625775	2.35199901294795
0.000201929229660891	2.351949284230129
0.0002039854443864897	2.351958509643244
0.000206062599318102	2.3520379174075323
0.00020816091273445636	2.352087913568354
0.00021028058836236596	2.352070557915395
0.00021242184448055923	2.3520173812770455
0.00021458491391967982	2.352137949979935
0.00021677000040654093	2.3521495103620502
0.0002189773367717862	2.3521054739740843
0.00022120715584605932	2.352126891601842
0.00022345967590808868	2.351967998827483
0.00022573512978851795	2.3518594383351865
0.000228033764869906	2.3518479110369883
0.00023035579943098128	2.3520028730967053
0.00023270148085430264	2.3519938224478203
0.000235071056522429	2.352007764701562
0.00023746475926600397	2.3518638525029285
0.00023988283646758646	2.351814232999867
0.00024232553550973535	2.3518896598419445
0.0002447931037750095	2.3520364627068124
0.00024728578864596784	2.352046753121255
0.0002498038811609149	2.3522000509995045
0.00025234761415049434	2.352171392691917
0.00025491724954918027	2.3521537026005293
0.0002575130492914468	2.352141001168148
0.00026013527531176805	2.352112760917734
0.00026278418954461813	2.352005234321816
0.0002654600830283016	2.351961189053104
0.00026816321769729257	2.3518160959788292
0.0002708938845898956	2.3518657172812985
0.0002736523747444153	2.351860616146732
0.0002764389500953257	2.351774530876104
0.00027925390168093145	2.351716002348121
0.00028209752053953707	2.351752900791759
0.0002849700686056167	2.3517718998972006
0.0002878718951251358	2.3517732146000623
0.00029080326203256845	2.351798511759782
0.0002937644603662193	2.3517574803749897
0.00029675583937205374	2.3517003562038914
0.00029977766098454595	2.3516792456175946
0.0003028302453458309	2.3517202122875793
0.0003059139125980437	2.351678944447772
0.00030902898288331926	2.351567171894266
0.0003121757763437927	2.351504102572897
0.00031535461312159896	2.3514252286360633
0.0003185658424627036	2.3514898675264773
0.0003218097554054111	2.351476929230513
0.00032508670119568706	2.351413290113371
0.00032839702907949686	2.3514280712623976
0.00033174105919897556	2.3514580301542276
0.00033511914080008864	2.3515327704605666
0.0003385316231288016	2.3514004657669925
0.00034197885543107986	2.351234515091179
0.00034546118695288897	2.3512366974242433
0.00034897896694019437	2.3513405359397477
0.000352532573742792	2.3513190734265192
0.00035612235660664737	2.3511676585793873
0.0003597486938815564	2.350980042636193
0.000363411963917315	2.3509100858722145
0.00036711254506371915	2.3508434975809784
0.00037085081567056477	2.3507624339037734
0.0003746271540876478	2.350707434172841
0.00037844193866476417	2.3504610305073896
0.0003822955768555403	2.350357861532984
0.00038618844700977206	2.350234540094866
0.0003901209565810859	2.350266816570495
0.00039409351302310824	2.350235953238658
0.00039810652378946543	2.350253734212032
0.00040216039633378386	2.350124598896993
0.00040625553810968995	2.350168181786302
0.00041039238567464054	2.3501944230623804
0.000414571346482262	2.350199153909604
0.0004187928861938417	2.350202774476737
0.00042305741226300597	2.350348305664753
0.0004273653612472117	2.3502918514838314
0.0004317171697039157	2.350265389339713
0.00043611330329440534	2.35014940097278
0.0004405541985761374	2.349757650479265
0.0004450402921065688	2.349698723360793
0.0004495720786508173	2.349726991439659
0.0004541500238701701	2.3496491128733776
0.0004587745643220842	2.3496491621176805
0.00046344619477167726	2.349678407116293
0.0004681654099840671	2.3497153117293994
0.000472932675620541	2.3498711882188106
0.0004777484864462167	2.349707074581693
0.000482613337226212	2.349757110145418
0.0004875277227256447	2.3497079546902513
0.000492492166813463	2.349735637599315
0.0004975071642547846	2.349940679562295
0.0005025732098147273	2.3498003387951454
0.0005076908273622394	2.3498574163927164
0.0005128605989739299	2.34974593014372
0.0005180829903110862	2.3497815462851075
0.0005233585834503174	2.3498036327208554
0.0005286879022605717	2.34981343756125
0.0005340714706107974	2.349915853120938
0.0005395098705776036	2.3498504908467273
0.0005450036260299385	2.3496586625330886
0.0005505533190444112	2.3496744471452806
0.0005561595316976309	2.3496580538063183
0.0005618228460662067	2.349553906974271
0.0005675438442267478	2.349402137573494
0.0005733230500482023	2.349543873684024
0.0005791611038148403	2.3494481139700483
0.0005850586458109319	2.349225656932041
0.0005910161999054253	2.3491989894812666
0.0005970344645902514	2.3493560514473173
0.0006031139637343585	2.3491836534332022
0.0006092553958296776	2.3494572845561277
0.0006154593429528177	2.349485665491592
0.0006217265035957098	2.3495275359677708
0.0006280574598349631	2.349588977664797
0.0006344529101625085	2.349391040427175
0.0006409134366549551	2.3493581995151773
0.0006474397960118949	2.3493582305398273
0.000654032570309937	2.349316575839614
0.0006606925162486732	2.3492066033087227
0.0006674202741123736	2.349040145879389
0.0006742165423929691	2.349063241582407
0.0006810820195823908	2.349111224034695
0.0006880174041725695	2.3491797808040005
0.0006950233946554363	2.3492669363781062
0.000702100747730583	2.349416945970552
0.0007092501618899405	2.3493941012070243
0.0007164723356254399	2.349211348234092
0.0007237680838443339	2.349193449890321
0.0007311381050385535	2.3492187485637177
0.0007385832141153514	2.3488520102730472
0.0007461041095666587	2.348745177854146
0.0007537016062997282	2.3484737702763723
0.0007613764610141516	2.3484028267846018
0.0007691294304095209	2.3482875496373374
0.0007769613876007497	2.3482775224071033
0.00078487308928743	2.3483237097824468
0.0007928653503768146	2.3483543345095272
0.0008009389857761562	2.3485176036542983
0.0008090948686003685	2.34837468230631
0.0008173337555490434	2.348031248337308
0.0008256565779447556	2.3480689191545583
0.0008340641506947577	2.34775833193968
0.0008425573469139636	2.347863864763777
0.0008511369815096259	2.3482713183034627
0.0008598039858043194	2.3484393615189973
0.0008685592329129577	2.348443249612104
0.0008774036541581154	2.3485392897864874
0.0008863381226547062	2.3487957149892926
0.0008953635697253048	2.3486724370267864
0.0009044809266924858	2.348658145276302
0.0009136911248788238	2.348826515268725
0.0009229950956068933	2.3486764572457606
0.00093239382840693	2.348634156738541
0.0009418882546015084	2.3486083377318825
0.0009514793637208641	2.348801722162853
0.0009611681452952325	2.348547379804862
0.0009709555888548493	2.348536967258203
0.000980842742137611	2.3483657541276384
0.0009908305946737528	2.3483698888970754
0.0010009200777858496	2.3481581053998344
0.0010111123556271195	2.348374647004301
0.0010214083595201373	2.3487110929298765
0.0010318092536181211	2.348910538025319
0.0010423160856589675	2.348777319902447
0.0010529299033805728	2.3485564722577554
0.0010636517545208335	2.348530147004189
0.0010744828032329679	2.3485473255887634
0.0010854240972548723	2.348390930430443
0.0010964768007397652	2.348356667424862
0.0011076420778408647	2.348223502238901
0.001118921092711389	2.3479391917629098
0.0011303148930892348	2.347941825125833
0.001141824759542942	2.3478649122988537
0.001153451856225729	2.347676946938619
0.001165197347290814	2.347738416926238
0.0011770623968914151	2.3477860022559263
0.0011890482855960727	2.347600215911369
0.0012011561775580049	2.3475236550516985
0.0012133873533457518	2.347516975247479
0.0012257430935278535	2.347709794655188
0.0012382246786728501	2.347688386657287
0.0012508333893492818	2.3476884114961627
0.0012635705061256886	2.3474431412673384
0.0012764373095706105	2.3474675784221555
0.0012894350802525878	2.347257547608717
0.0013025652151554823	2.3473236385693843
0.001315829111263156	2.347090255740929
0.0013292280491441488	2.347081009639477
0.0013427634257823229	2.346828632763338
0.00135643663816154	2.3467680137823876
0.0013702490832656622	2.346658358081325
0.0013842021580785513	2.3466951291978964
0.0013982972595840693	2.3467726068095556
0.0014125359011813998	2.346898030566004
0.0014269195962697268	2.347026887238314
0.001441449741832912	2.3468514337602104
0.0014561278512701392	2.346687319017806
0.0014709554379805923	2.3464318963831774
0.0014859340153634548	2.3462215125448695
0.0015010650968179107	2.3457932828554955
0.0015163501957431436	2.345733992210593
0.001531790941953659	2.3454935496176623
0.0015473889652639627	2.345570277593815
0.0015631457790732384	2.3453718475439524
0.0015790631296113133	2.3450509384174754
0.0015951425302773714	2.3447096206150073
0.0016113856108859181	2.3445042852812596
0.001627794117666781	2.3439970177976805
0.0016443696804344654	2.343913947673355
0.001661114045418799	2.344265778888345
0.001678028958849609	2.344111630150178
0.0016951161669567227	2.3438711812614685
0.001712377299554646	2.343447357566048
0.001729814219288528	2.3433959181585626
0.001747428672388196	2.3437568129667783
0.0017652225214987993	2.3434886274673303
0.0017831975128501654	2.3437704252381133
0.0018013556255027652	2.343498853746596
0.0018196986056864262	2.343136583313815
0.0018382283160462976	2.342840285554094
0.0018569467356428504	2.342499373779169
0.001875855727121234	2.3424485024382293
0.0018949572695419192	2.3421124174831536
0.0019142533419653773	2.34201149260456
0.0019337459234520793	2.341519009601529
0.001953436993062496	2.3409839861599866
0.001973328646272421	2.341213852678547
0.0019934228621423244	2.3408527742867804
0.0020137217361479998	2.3403349379325142
0.002034227130934596	2.3395418280791986
0.00205494137480855	2.338869651490759
0.002075866563245654	2.338232075698798
0.0020970047917217016	2.3375849592855302
0.002118358388543129	2.337048160116604
0.002139929449185729	2.336914705573635
0.0021617200691252947	2.3363913973096357
0.0021837325766682625	2.336345412167398
0.002205969300121069	2.336008036013284
0.002228432334959507	2.3360613042099496
0.0022511242423206568	2.335490705261981
0.002274047117680311	2.3347897259956087
0.0022972035221755505	2.334133865634022
0.0023205955512821674	2.333583304639091
0.0023442257661372423	2.3328586895945875
0.0023680967278778553	2.3322576099723125
0.002392210764810443	2.3318015799728786
0.0024165704380720854	2.332057099391182
0.002441178075969219	2.3313598756315077
0.0024660362396389246	2.3313802840148736
0.0024911474902182817	2.3309062094091
0.0025165146216750145	2.3313870270238963
0.0025421399623155594	2.3310434661709185
0.0025680263061076403	2.3301678551787988
0.0025941762141883373	2.330233738073087
0.0026205924805253744	2.329873307887125
0.0026472776662558317	2.3285426321193974
0.002674234565347433	2.3280455166214797
0.0027014659717679024	2.327117722057483
0.0027289746794849634	2.326893059419312
0.00275676348246634	2.3260634110834038
0.002784835174679756	2.3248696441587327
0.002813192782923579	2.3240518205199425
0.002841839101165533	2.321988737600755
0.002870777156203985	2.3207432978325655
0.002900009974837303	2.3197709224536123
0.0029295403510332108	2.3192614292975082
0.002959371544420719	2.318363966977427
0.002989506348967552	2.317845724808289
0.003019948024302721	2.3168063981646014
0.003050699830055237	2.315574225470169
0.003081764793023467	2.3152930239350087
0.0031131459400057793	2.3146863783916114
0.0031448467634618282	2.3133469841291383
0.0031768702901899815	2.312302655873863
0.0032092200126498938	2.3111671193045424
0.0032418991904705763	2.3092238386402535
0.00327491108328104	2.3073408907981126
0.0033082591835409403	2.3038571417535127
0.0033419467508792877	2.302212624689011
0.0033759772777557373	2.3005547972135414
0.0034103544894605875	2.298537617780806
0.0034450816456228495	2.297016204338154
0.0034801624715328217	2.294902922831042
0.003515600459650159	2.2932240578329783
0.0035513993352651596	2.291032085869739
0.0035875628236681223	2.2898600247034917
0.0036240944173187017	2.2873536252577003
0.00366099807433784	2.2861815954771556
0.0036982775200158358	2.2834571739252785
0.003735936712473631	2.281680132688289
0.003773979377001524	2.2804167759680563
0.0038124092388898134	2.27808753514474
0.003851230489090085	2.2759472436398434
0.003890447085723281	2.274312495048479
0.003930062986910343	2.271603158790393
0.003970082383602858	2.26811691070095
0.004010509233921766	2.2666700349808275
0.004051347728818655	2.264254243495994
0.0040926020592451096	2.2629344267611446
0.004134276416152716	2.2605377863750307
0.004176374990493059	2.2579593195803302
0.004218902438879013	2.2561636280617705
0.004261862952262163	2.253819758233384
0.004305260721594095	2.2510925680858063
0.004349100403487682	2.2485300901982113
0.004393386654555798	2.2472748604798185
0.004438124131411314	2.24579244558376
0.004483317025005817	2.2435535318680078
0.004528969991952181	2.241981368510616
0.0045750876888632774	2.2396893914776226
0.0046216752380132675	2.2382932686718737
0.004668737296015024	2.2344199184809312
0.0047162785194814205	2.2319132646868134
0.00476430356502533	2.2303075788150744
0.004812818020582199	2.2287102267916903
0.004861826542764902	2.225574220345456
0.004911333788186312	2.224727148437021
0.004961345344781876	2.222007708083637
0.005011865869164467	2.2187896827900677
0.005062900949269533	2.2162324173096204
0.005114455707371235	2.21502572131023
0.00516653573140502	2.213200778516411
0.005219145677983761	2.2117704297475353
0.005272291600704193	2.2100773595238614
0.005325978621840477	2.207322221558848
0.00538021232932806	2.2052768694662332
0.00543499831110239	2.203561325744511
0.005490342155098915	2.2035571148775093
0.005546249449253082	2.2033572704162627
0.005602726247161627	2.2015996047213773
0.005659778136759996	2.200806090333859
0.005717410705983639	2.198823450125082
0.005775630474090576	2.1975694924140843
0.005834443029016256	2.1961260323677436
0.005893854424357414	2.193487677102774
0.005953870713710785	2.192530506911854
0.006014498416334391	2.1896819271462364
0.006075743120163679	2.188086941824442
0.00613761181011796	2.1872696152193987
0.006200110539793968	2.1853492932961753
0.006263245362788439	2.182626842647537
0.006327023264020681	2.1834597079018248
0.006391450297087431	2.1807201840776504
0.006456533446907997	2.1795636852117712
0.0065222796984016895	2.178757068985868
0.006588695105165243	2.178043060227916
0.006655787117779255	2.1747289670210996
0.006723562255501747	2.173267854973463
0.006792027503252029	2.17252986813614
0.006861189845949411	2.1719945339493814
0.006931056268513203	2.1698557125300373
0.007001634221524	2.1679335843557914
0.007072931155562401	2.16411907541892
0.007144954055547714	2.162571308282795
0.007217710372060537	2.160231165610181
0.007291207555681467	2.157707060448307
0.0073654530569911	2.158735024303733
0.007440454326570034	2.1585946246217964
0.0075162192806601524	2.154721953168179
0.00759275583550334	2.1527561971950253
0.00767007190734148	2.151358921609279
0.007748175412416458	2.14878944962851
0.007827074266970158	2.1472832727575217
0.007906775921583176	2.1445322093150057
0.007987289689481258	2.143917198940656
0.008068623021245003	2.1420741208843896
0.008150785230100155	2.1426181775215727
0.008233783766627312	2.139811518812755
0.008317627012729645	2.136771298015205
0.0084023242816329	2.1328252325781247
0.00848788395524025	2.128636237673114
0.008574315346777439	2.1306826201660503
0.00866162683814764	2.1288977012069434
0.008749826811254025	2.1253701998920027
0.008838925510644913	2.124421528880613
0.008928931318223476	2.1210943989621804
0.009019853547215462	2.1180898040546836
0.009111701510846615	2.115832864464679
0.009204484522342682	2.116930962042939
0.009298212826251984	2.1162458471737233
0.009392895735800266	2.1140370257731567
0.009488542564213276	2.114191392488834
0.009585163556039333	2.1125345673551217
0.009682768024504185	2.111623082703576
0.00978136621415615	2.1100184010101364
0.009880968369543552	2.106862732658818
0.00998158473521471	2.1065888574840965
0.010083225555717945	2.104384961098422
0.010185902006924152	2.102893966359486
0.010289623402059078	2.102866526409127
0.010394400916993618	2.1014818986702513
0.010500245727598667	2.1000588786243974
0.010607168078422546	2.100528718889434
0.010715179145336151	2.099780752086108
0.010824290104210377	2.100508058415846
0.010934512130916119	2.099960533241487
0.011045856401324272	2.097508308202878
0.011158335022628307	2.0981215947594625
0.01127195917069912	2.095097630366867
0.011386740021407604	2.093155027391793
0.011502689681947231	2.0914463600943844
0.01161982025951147	2.0917059224249672
0.011738142929971218	2.090219818808011
0.011857670731842518	2.0871036839407924
0.01197841577231884	2.087850881425917
0.012100390158593655	2.086831821751806
0.012223606929183006	2.0841148939501926
0.012348078191280365	2.081866266115134
0.012473816983401775	2.0807062023361054
0.012600836344063282	2.077889878830307
0.01272914931178093	2.0784415182425313
0.012858768925070763	2.0778213220253248
0.012989708222448826	2.0769986192252605
0.013121981173753738	2.0769495497414514
0.013255600817501545	2.0758983154757487
0.013390581123530865	2.074924644477208
0.013526936061680317	2.0750840237876758
0.013664678670465946	2.073652090283052
0.013803824782371521	2.0763649062502183
0.013944387435913086	2.076308917787079
0.014086381532251835	2.075697627813295
0.014229821041226387	2.0767228569663185
0.01437472179532051	2.076640616929043
0.014521097764372826	2.0737498724997026
0.014668963849544525	2.074244193439601
0.014818335883319378	2.0781958635258873
0.014969228766858578	2.0761351439253524
0.015121658332645893	2.073465349658143
0.015275640413165092	2.0709429907164325
0.01543118990957737	2.071029858670048
0.015588323585689068	2.0689826235610087
0.015747057273983955	2.0662961225637875
0.0159074068069458	2.0642688131839533
0.01606938987970352	2.0635747197648175
0.01623302325606346	2.0633813684893334
0.016398321837186813	2.0603459984857273
0.01656530424952507	2.0609814485492772
0.016733987256884575	2.0611065099011676
0.01690438762307167	2.060217908221821
0.0170765221118927	2.062967235817883
0.017250409349799156	2.0628099285313346
0.01742606796324253	2.063087276408462
0.017603514716029167	2.06109622036775
0.017782768234610558	2.062292794953315
0.017963847145438194	2.0621600677163583
0.01814677007496357	2.06169416338199
0.018331555649638176	2.0613070570766303
0.018518224358558655	2.0582063427043544
0.01870679296553135	2.0589610896371937
0.0188972819596529	2.0583974932259195
0.0190897099673748	2.0572074896428343
0.019284097477793694	2.0593546081986713
0.019480464980006218	2.0578389561592094
0.019678832963109016	2.056353848426559
0.01987922005355358	2.0560596486171465
0.020081646740436554	2.0563763437902502
0.020286135375499725	2.054946380562669
0.020492706447839737	2.0545857256183466
0.02070138044655323	2.0509329807181014
0.020912179723381996	2.0529222814232586
0.021125126630067825	2.0503321251700983
0.02134024165570736	2.050760509789194
0.02155754715204239	2.05022258021017
0.021777065470814705	2.0472442278109835
0.021998818963766098	2.050347147133548
0.02222282998263836	2.0484810771461994
0.022449122741818428	2.0478688927370645
0.022677719593048096	2.044322022084472
0.022908644750714302	2.041956058460867
0.023141920566558838	2.0420994888663566
0.023377571254968643	2.0399827202461034
0.023615622892975807	2.03886706585644
0.02385609783232212	2.0404031620011644
0.024099022150039673	2.0381985857759117
0.024344420060515404	2.0425404909830007
0.024592315778136253	2.0390529218821825
0.02484273537993431	2.0389909863311964
0.025095704942941666	2.036742915853077
0.025351250544190407	2.036925759257207
0.025609398260712624	2.036962104454143
0.025870176032185555	2.0371473447106414
0.02613360807299614	2.036662228436241
0.026399722322821617	2.036579551875939
0.026668546721339226	2.034397457965953
0.026940109208226204	2.0335329789222953
0.02721443772315979	2.0302565377886737
0.027491558343172073	2.032107828885012
0.02777150087058544	2.033781188779175
0.028054295107722282	2.0328976663868006
0.028339968994259834	2.03378773151457
0.028628550469875336	2.0325785916074843
0.028920071199536324	2.0322673909072315
0.029214560985565186	2.034063125089819
0.02951204963028431	2.034694776482676
0.029812566936016083	2.03551008486385
0.030116144567728043	2.0377039168274615
0.030422814190387726	2.037974022717902
0.03073260560631752	2.038523751133478
0.03104555234313011	2.036108524085204
0.03136168420314789	2.0360563670312346
0.031681034713983536	2.0355455248773775
0.03200363740324974	2.0363101249770588
0.03232952579855919	2.0384580870588165
0.03265873342752457	2.0366966605700205
0.03299129381775856	2.0367766311672137
0.033327240496873856	2.035689001986252
0.03366660699248314	2.0379432233121886
0.034009430557489395	2.037966905843015
0.03435574471950531	2.035585606132527
0.03470558300614357	2.0348532994130135
0.03505898639559746	2.034830633754343
0.03541598841547966	2.035302100455477
0.03577662631869316	2.0334486308874684
0.03614093363285065	2.031145832967595
0.0365089513361454	2.0317977929027866
0.03688071668148041	2.0306789917383345
0.03725626692175865	2.0307974856874424
0.037635643035173416	2.029572355046417
0.038018882274627686	2.0282493801401604
0.038406021893024445	2.0320022006886025
0.038797106593847275	2.030885743901698
0.03919217362999916	2.030918401528852
0.039591263979673386	2.0323257378821253
0.039994414895772934	2.030815795008638
0.04040167108178139	2.0321583309227353
0.04081307724118233	2.031904449391866
0.04122867062687874	2.0306000448484562
0.0416484959423542	2.0303208095307106
0.0420725978910923	2.030160078726754
0.042501017451286316	2.0308617992561007
0.04293379932641983	2.0315936118854805
0.043370988219976425	2.0323297091607104
0.04381262883543968	2.0319904126841
0.04425876587629318	2.0301736272728252
0.044709447771310806	2.0262803025850347
0.045164719223976135	2.023295435115945
0.04562462493777275	2.024494589317984
0.04608921334147453	2.0242821118535237
0.04655853286385536	2.025507165836851
0.04703263193368912	2.0247757653103364
0.04751155897974968	2.025312740734415
0.04799536243081093	2.0240697415158877
0.04848409444093704	2.0253632776395496
0.0489778034389019	2.0254304387377595
0.049476537853479385	2.0241856744530557
0.04998034983873367	2.02549984685877
0.05048929154872894	2.0263894098962654
0.05100341886281967	2.0257212479915223
0.05152278020977974	2.0246476456330105
0.05204743146896362	2.02560048682588
0.0525774247944355	2.027065348579841
0.05311281234025955	2.0268978962453903
0.05365365371108055	2.0287578474849113
0.05420000106096268	2.0296805504900473
0.054751913994550705	2.0315510956310643
0.055309444665908813	2.0313401910966777
0.05587265267968178	2.032093687796595
0.056441597640514374	2.03078198657942
0.05701633542776108	2.029929697334587
0.057596925646066666	2.0294107351933155
0.05818342790007591	2.02908652615046
0.058775901794433594	2.0336873670385835
0.05937441065907478	2.0336194794542815
0.05997901409864426	2.0350584628128887
0.06058977171778679	2.0353715309605005
0.06120675057172775	2.0364236151499453
0.06183001026511192	2.037325034242515
0.06245961785316467	2.0367305444753283
0.06309563666582108	2.035891181998908
0.0637381300330162	2.035274695791791
0.06438716500997543	2.0338231829893894
0.06504280865192413	2.035066546790844
0.06570512801408768	2.0339703207782756
0.06637419760227203	2.0325335491359646
0.06705007702112198	2.0317914279388596
0.06773284077644348	2.0354527271037766
0.06842255592346191	2.03880004997259
0.06911929696798325	2.037979645896966
0.06982313096523285	2.0371724717831956
0.0705341324210167	2.037947219407163
0.07125237584114075	2.0365717770255505
0.07197792828083038	2.0365245312814872
0.07271087169647217	2.037959048247105
0.07345128059387207	2.039947932276975
0.07419922202825546	2.040697082686001
0.07495478540658951	2.039711031428399
0.07571803778409958	2.0384091294300495
0.07648906111717224	2.0401671490432918
0.07726793736219406	2.0400471613938467
0.0780547484755516	2.042093384227371
0.07884956896305084	2.0425794412712173
0.07965248078107834	2.043155412298393
0.08046357333660126	2.04716976643951
0.08128292113542557	2.0477220471513693
0.08211061358451843	2.050623506972807
0.08294673264026642	2.051115710791176
0.08379136770963669	2.0518936809610335
0.08464460074901581	2.047764936961411
0.08550652861595154	2.046333332737411
0.08637723326683044	2.042746947092337
0.08725680410861969	2.0442150491127093
0.08814533054828644	2.0464677501217268
0.08904290199279785	2.0472840196615283
0.08994961529970169	2.049483757435412
0.09086555987596512	2.0493715437201145
0.0917908325791359	2.0486385293114715
0.09272553026676178	2.0494163233004374
0.09366974234580994	2.0476231553160265
0.09462356567382812	2.0464512755913584
0.0955871045589447	2.0469705046647975
0.09656045585870743	2.0455797324384752
0.09754371643066406	2.0450198624143394
0.09853699058294296	2.0478883240756596
0.09954038262367249	2.0508893359754943
0.10055398941040039	2.050397939331668
0.10157791525125504	2.0515497810745145
0.10261227190494537	2.0505389079811005
0.10365715622901917	2.049230604892432
0.10471267998218536	2.050387463703702
0.10577895492315292	2.049778140485536
0.1068560853600502	2.051630344552046
0.10794419050216675	2.0516862901359807
0.10904337465763092	2.0511406453116545
0.11015374958515167	2.052937575561854
0.11127543449401855	2.051821222121906
0.11240854114294052	2.0517367363086185
0.11355318129062653	2.0511996049988888
0.11470948159694672	2.049127021761979
0.11587755382061005	2.048982675220172
0.11705751717090607	2.050430523394235
0.11824949830770493	2.051304713982258
0.11945361644029617	2.054380892689979
0.12066999822854996	2.0555443419977393
0.12189876288175583	2.057936992335824
0.12314004451036453	2.0556621149845298
0.12439396232366562	2.0596369302028443
0.12566064298152924	2.0606639210223103
0.12694023549556732	2.0617567987603116
0.12823285162448883	2.064554083897166
0.1295386254787445	2.0627569373274075
0.1308577060699463	2.062615551899646
0.13219021260738373	2.063156887674092
0.13353629410266876	2.0651699692885916
0.13489606976509094	2.066933691408557
0.1362697035074234	2.0692914592307767
0.1376573145389557	2.0705056800186954
0.13905906677246094	2.067466020729692
0.1404750943183899	2.0678312160011334
0.1419055312871933	2.0654488005128977
0.1433505415916443	2.0672768169571687
0.1448102593421936	2.0700550303509964
0.14628484845161438	2.069590585742206
0.14777444303035736	2.070438010859027
0.14927920699119568	2.071335106392884
0.15079930424690247	2.0717735575777096
0.15233486890792847	2.0710103648303915
0.153886079788208	2.071126889253754
0.15545308589935303	2.073310151143667
0.15703605115413666	2.0746869609305474
0.15863512456417084	2.076310735368553
0.1602504849433899	2.0779424176567263
0.16188229620456696	2.0771605420742825
0.16353072226047516	2.0793115412852874
0.16519592702388763	2.08179118169829
0.1668780893087387	2.0849885747315
0.1685773879289627	2.08987300409594
0.17029398679733276	2.0940554253006423
0.1720280647277832	2.097172790915723
0.17377980053424835	2.0999611571112635
0.17554937303066254	2.1006465462432082
0.17733697593212128	2.1008602445755464
0.1791427731513977	2.102360543422439
0.18096695840358734	2.1038653068505604
0.1828097254037857	2.109738473545275
0.18467125296592712	2.1109761305270065
0.18655173480510712	2.111937297728173
0.1884513646364212	2.1124271284337657
0.1903703361749649	2.1157546719094023
0.19230885803699493	2.1153609222746197
0.19426710903644562	2.117219148203212
0.19624531269073486	2.1196028107027094
0.198243647813797	2.118844570254036
0.20026233792304993	2.1180485561530324
0.20230157673358917	2.1218233014682655
0.20436158776283264	2.121974468571835
0.20644257962703705	2.1232224086284988
0.2085447609424591	2.125588134902035
0.21066834032535553	2.128978791294265
0.21281355619430542	2.132293142088863
0.2149806022644043	2.132344484790604
0.21716971695423126	2.1325668339482466
0.21938112378120422	2.132679030861506
0.2216150462627411	2.1313824954179204
0.22387172281742096	2.1330603321886388
0.22615137696266174	2.1331556877778373
0.22845424711704254	2.136254297540652
0.23078057169914246	2.1373482290001173
0.2331305742263794	2.13859436554011
0.23550450801849365	2.1390060433690783
0.23790262639522552	2.1400559500819583
0.24032515287399292	2.142845122103574
0.24277235567569733	2.1442238544652743
0.24524447321891785	2.145084551783928
0.24774175882339478	2.1489913276595654
0.2502644956111908	2.15026098326122
0.2528128921985626	2.1504263921436637
0.25538724660873413	2.1557694477816254
0.2579878270626068	2.159179217708134
0.26061487197875977	2.161369297256254
0.26326867938041687	2.162795512957552
0.2659495174884796	2.1626631054297243
0.2686576545238495	2.167126775617883
0.271393358707428	2.1671857102898517
0.27415692806243896	2.168607644925913
0.27694863080978394	2.1704914486771747
0.27976876497268677	2.172516647779803
0.28261762857437134	2.179525823720081
0.28549548983573914	2.180401020746656
0.28840264678001404	2.1807045956762665
0.2913394272327423	2.1825573893294523
0.29430609941482544	2.1826034842796793
0.2973029911518097	2.1864183125585632
0.30033040046691895	2.1888312417404365
0.3033886253833771	2.190693831421314
0.30647799372673035	2.192299232937724
0.309598833322525	2.1941697437928855
0.312751442193985	2.194730557062169
0.3159361481666565	2.1931101206111725
0.3191532790660858	2.19511495120371
0.3224031627178192	2.193635085079111
0.32568615674972534	2.195029178535915
0.32900258898735046	2.196746275514818
0.33235278725624084	2.2003033343718923
0.33573707938194275	2.199796508559699
0.3391558527946472	2.2011020014613196
0.3426094353199005	2.1997393204103646
0.3460981845855713	2.2025699381693324
0.3496224582195282	2.204604392982606
0.3531826138496399	2.203541141373259
0.3567790389060974	2.203704923381304
0.360412061214447	2.2034764403006406
0.36408209800720215	2.2056851164125355
0.36778950691223145	2.2048498936603953
0.37153464555740356	2.20543283791823
0.37531793117523193	2.2058456655348655
0.3791397511959076	2.2055786400720683
0.3830004930496216	2.206187354593625
0.38690054416656494	2.207571596431501
0.3908402919769287	2.207871606267702
0.3948201537132263	2.209620646348464
0.3988405466079712	2.210512376106431
0.40290188789367676	2.2110711820434696
0.40700459480285645	2.211221806780591
0.4111490845680237	2.2119850873197837
0.4153357744216919	2.2124640039663324
0.4195650815963745	2.2143538830895815
0.42383745312690735	2.2159123473818303
0.4281533360481262	2.217299428421865
0.43251317739486694	2.216879297397373
0.43691739439964294	2.216486489891808
0.4413664638996124	2.2163346070025414
0.4458608329296112	2.214431473097659
0.4504009783267975	2.2122498296815434
0.4549873471260071	2.2130466183280855
0.4596204161643982	2.2135643000057135
0.46430066227912903	2.2125354685344076
0.4690285623073578	2.21237125360952
0.47380462288856506	2.211844727165565
0.47862932085990906	2.211431027126038
0.483503133058548	2.21043420380184
0.4884265959262848	2.2112846809120215
0.4934001863002777	2.210455965672077
0.4984244108200073	2.211035397689202
0.5034998059272766	2.211192484001165
0.5086268782615662	2.2131914832133535
0.513806164264679	2.2140296204069965
0.519038200378418	2.2138342063741008
0.5243235230445862	2.2130595049355226
0.5296626687049866	2.213226534632039
0.5350561738014221	2.2125333187511047
0.5405045747756958	2.2133729653338463
0.5460084676742554	2.2117429972533658
0.5515683889389038	2.2124734664785253
0.5571849346160889	2.213608814272368
0.5628587007522583	2.217505716813825
0.5685902237892151	2.2225285043940524
0.574380099773407	2.2238286714964177
0.5802289247512817	2.223113809187095
0.5861372947692871	2.2223263119416465
0.5921058654785156	2.224165577099908
0.5981351733207703	2.2244714129349243
0.6042259335517883	2.224005569995745
0.6103786826133728	2.2243733999944504
0.6165940761566162	2.2250303945800103
0.6228727698326111	2.2262560525956974
0.62921541929245	2.22733283355184
0.6356226205825806	2.2289829427804615
0.6420950889587402	2.228977763981615
0.6486334800720215	2.2291747628096488
0.6552384495735168	2.2301066331540413
0.6619106531143188	2.2298039361065003
0.6686508059501648	2.2301510946890577
0.6754595637321472	2.2309193334382815
0.6823377013206482	2.2318841615293423
0.6892858743667603	2.230428808430286
0.6963047981262207	2.2292769058838116
0.7033951878547668	2.237858925482505
0.710557758808136	2.2386301540697175
0.7177932858467102	2.237691383729107
0.7251024842262268	2.2382332427763267
0.7324861288070679	2.239686091005212
0.7399449348449707	2.2394980391603885
0.7474796772003174	2.2386919622349075
0.7550911903381348	2.2383834740949453
0.7627801895141602	2.238702965677194
0.7705475091934204	2.239714600485965
0.7783939242362976	2.2398885511215094
0.7863202095031738	2.240186729272053
0.7943271994590759	2.2395541277279936
0.8024157285690308	2.241707506042269
0.8105866312980652	2.2405620489679934
0.818840742111206	2.2416554205298325
0.8271788954734802	2.241836436035862
0.8356019258499146	2.24295832166451
0.8441107273101807	2.242775907321674
0.8527061939239502	2.245043382644479
0.8613892197608948	2.2427079608915528
0.8701606392860413	2.2434326438368073
0.8790213465690613	2.24492861307616
0.8879722952842712	2.2437474442265017
0.8970143795013428	2.2440008742100748
0.9061485528945923	2.2431342854139222
0.9153757691383362	2.2444514092759564
0.9246969223022461	2.245241182626997
0.9341129660606384	2.2463206414680488
0.9436249136924744	2.2459439656153113
0.9532337188720703	2.2472372397377587
0.9629403948783875	2.246962156464915
0.9727458953857422	2.2475462993372037
0.9826512336730957	2.2485413753569903
0.9926574230194092	2.2484127242872285
1.0027655363082886	2.248259662024079
1.0129765272140503	2.2487479647629063
1.0232915878295898	2.250000694257016
1.0337116718292236	2.2478097805229376
1.0442378520965576	2.2465048033267854
1.0548712015151978	2.2481520559693564
1.06561279296875	2.247169861254999
1.0764638185501099	2.2474021785226967
1.0874253511428833	2.2456845922581508
1.0984984636306763	2.2471314360346306
1.1096843481063843	2.248761268442173
1.1209840774536133	2.2493507040993306
1.1323989629745483	2.250245400069834
1.1439300775527954	2.2496587078200854
1.15557861328125	2.2473195043820677
1.1673457622528076	2.247979851431267
1.1792327165603638	2.249874869614129
1.191240668296814	2.251275940375228
1.2033709287643433	2.2525875158746693
1.2156246900558472	2.25294409552086
1.2280032634735107	2.2521363313167417
1.2405078411102295	2.2535390936201556
1.2531397342681885	2.2533628115265
1.2659002542495728	2.252967376890208
1.2787907123565674	2.252492852007128
1.2918124198913574	2.2520302781014463
1.3049668073654175	2.253032577393238
1.318255066871643	2.2517618275787714
1.3316786289215088	2.2511860531930283
1.3452389240264893	2.2519301543947927
1.3589372634887695	2.2526362183601196
1.3727751970291138	2.2533526418658423
1.386754035949707	2.2536882970821144
1.400875210762024	2.254348297696258
1.415140151977539	2.255150971596764
1.429550290107727	2.2572289624111055
1.444107174873352	2.2569899074167283
1.4588123559951782	2.261027064491477
1.4736672639846802	2.2599629124380978
1.488673448562622	2.261859291510808
1.503832459449768	2.2622621308194466
1.5191458463668823	2.263981710018548
1.534615159034729	2.265086105206605
1.5502419471740723	2.2638757460556587
1.5660278797149658	2.2652347124196406
1.5819745063781738	2.2682586848582598
1.59808349609375	2.2706556523888164
1.614356517791748	2.2717384538002685
1.6307953596115112	2.2760040259489336
1.6474015712738037	2.276496623576317
1.6641768217086792	2.276437415210626
1.681122899055481	2.278467413244304
1.6982415914535522	2.277176162132128
1.7155345678329468	2.279456215816671
1.7330036163330078	2.2802841227884847
1.7506505250930786	2.2816024544242066
1.768477201461792	2.281126717324553
1.7864854335784912	2.2835657731727643
1.8046770095825195	2.285902975928303
1.8230538368225098	2.2853638304798665
1.8416177034378052	2.2856624561606136
1.8603706359863281	2.2951119324860096
1.8793145418167114	2.2971960295906837
1.898451328277588	2.296992651410674
1.9177830219268799	2.2990559235731958
1.9373115301132202	2.3015727632850203
1.9570388793945312	2.3028221250511804
1.9769670963287354	2.3052582286317
1.9970983266830444	2.306226948069381
2.017434597015381	2.310405553562949
2.037977933883667	2.3122974657613438
2.058730363845825	2.3134931325044668
2.0796940326690674	2.3213722013576734
2.1008713245391846	2.3239549959779806
2.1222641468048096	2.3277310420850323
2.1438748836517334	2.329663102227829
2.165705680847168	2.3319476325416706
2.187758684158325	2.3334006398441454
2.210036277770996	2.3350778399836636
2.2325408458709717	2.3362058921012268
2.255274534225464	2.3397340544944925
2.2782397270202637	2.3428448881217045
2.301438808441162	2.3456824855603813
2.32487416267395	2.347392712420829
2.348548173904419	2.351630098917957
2.3724632263183594	2.356200346899925
2.3966217041015625	2.358940703632276
2.4210262298583984	2.3668146802014154
2.445679187774658	2.3694919478461665
2.470583200454712	2.372019124918601
2.4957408905029297	2.374861640369448
2.5211546421051025	2.3765047321546495
2.5468273162841797	2.379815845015829
2.572761297225952	2.383662132180454
2.598959445953369	2.3857352741575113
2.625424385070801	2.388831206148421
2.652158737182617	2.3907093996066293
2.6791653633117676	2.393536590970881
2.706446886062622	2.3959428538566634
2.73400616645813	2.399402118155568
2.7618463039398193	2.401527825296546
2.7899699211120605	2.406321608657253
2.8183798789978027	2.4096677736063006
2.847079038619995	2.4129021687216383
2.876070499420166	2.41567088449485
2.9053571224212646	2.418513777840109
2.9349420070648193	2.421086719560834
2.9648282527923584	2.4243096585170907
2.995018720626831	2.42781387901252
3.0255165100097656	2.4322889649195134
3.0563249588012695	2.434751927381377
3.087447166442871	2.4372494585664155
3.1188862323760986	2.438784224987433
3.1506454944610596	2.441081886625685
3.1827280521392822	2.442215860122114
3.215137243270874	2.444409555424249
3.2478766441345215	2.4447230435455007
3.280949354171753	2.4481642073694148
3.314358949661255	2.4501919863400072
3.3481085300445557	2.4522251959067254
3.382201910018921	2.45378226974738
3.416642427444458	2.4569703849191438
3.4514336585998535	2.4598069474890103
3.486579179763794	2.462032765555221
3.522082567214966	2.4630182454980227
3.5579473972320557	2.465609887500294
3.594177484512329	2.4678166640544874
3.6307766437530518	2.469193920899435
3.66774845123291	2.4710275269556288
3.70509672164917	2.4714544552830935
3.7428252696990967	2.474021973957888
3.780937910079956	2.477270959909028
3.8194386959075928	2.47797894151346
3.8583314418792725	2.479157425541772
3.897620439529419	2.4814647933120644
3.937309503555298	2.48271758896804
3.977402687072754	2.484584280966145
4.017904281616211	2.4877370434364217
4.0588178634643555	2.4892901619884693
4.1001482009887695	2.4902240347664613
4.141899585723877	2.4914832776352798
4.184075832366943	2.4919072513037657
4.226681709289551	2.493586468872295
4.269721508026123	2.495073758774329
4.313199520111084	2.4956615232915302
4.357120037078857	2.4969562548618325
4.401487827301025	2.4977969349480063
4.44630765914917	2.498424678309288
4.491583824157715	2.4998783134204703
4.537321090698242	2.501077994657249
4.583524227142334	2.5028731557266286
4.630197525024414	2.5033779742206774
4.677346229553223	2.5063745178627896
4.724975109100342	2.5072325974594523
4.7730889320373535	2.507807726432199
4.82169246673584	2.5078563925364894
4.870790958404541	2.508547581832061
4.920389652252197	2.5084207424009253
4.970493316650391	2.508485672584645
5.021107196807861	2.50926345840816
5.07223653793335	2.5096019424061957
5.123886585235596	2.509843377145108
5.17606258392334	2.5105291065718105
5.228769779205322	2.5097988863788507
5.282013893127441	2.5092895646495035
5.3358001708984375	2.512028682948188
5.390133857727051	2.5126884636746003
5.44502067565918	2.5129915257609716
5.500466823577881	2.5130477953662966
5.5564775466918945	2.5124721364713
5.613058567047119	2.513575414002494
5.670215606689453	2.5145388662784742
5.727954864501953	2.5142619935244377
5.786282062530518	2.513759053649371
5.845202922821045	2.5140888549524822
5.904723644256592	2.513491583316079
5.964850902557373	2.5140294375018084
6.025590419769287	2.5116821125304587
6.086948394775391	2.5139471351358065
6.14893102645874	2.513606380032272
6.211544990539551	2.5142753906991437
6.274796485900879	2.51573307555789
6.338691711425781	2.5161393632197058
6.403237819671631	2.516542446087758
6.468441009521484	2.5157143561458004
6.534308433532715	2.5141548850781823
6.600846290588379	2.5156266577913526
6.66806173324585	2.51732419829733
6.7359619140625	2.5161399019076773
6.804553508758545	2.5145416550703903
6.873843193054199	2.5130971859902838
6.943838596343994	2.5123537368764963
7.014546871185303	2.512446728095082
7.085975170135498	2.5112305055159077
7.158130645751953	2.510161445408641
7.231020927429199	2.508213364434428
7.304653644561768	2.5085015202414427
7.379035949707031	2.506984072005193
7.45417594909668	2.508918889695338
7.530080795288086	2.506540375716739
7.6067585945129395	2.5100856727479974
7.68421745300293	2.5084232020374833
7.762465000152588	2.5061045361992482
7.8415093421936035	2.5082433640925115
7.921358585357666	2.508570611831413
8.002020835876465	2.510952176203061
8.083504676818848	2.5095689824409626
8.165818214416504	2.510216936326384
8.248970031738281	2.5086393876465487
8.332967758178711	2.5073836693287372
8.417820930480957	2.5078467718897333
8.503538131713867	2.504326622912815
8.590128898620605	2.5052756710896293
8.677600860595703	2.5070308239428614
8.765963554382324	2.5078832208459625
8.855226516723633	2.505109170015469
8.945398330688477	2.508019972798326
9.03648853302002	2.5090365028162362
9.12850570678711	2.510028100755212
9.221460342407227	2.511985293638179
9.315361022949219	2.5140019573561743
9.410218238830566	2.520163897617315
9.506041526794434	2.522051683927359
9.602840423583984	2.530257062144564
9.700624465942383	2.536700556384461
9.799405097961426	2.537164097937741
